<?xml version="1.0" encoding="UTF-8"?>
<gmd:MD_Metadata xmlns:gmd="http://www.isotc211.org/2005/gmd" xmlns:xsi="http://www.w3.org/2001/XMLSchema-instance" xmlns:gco="http://www.isotc211.org/2005/gco" xmlns:srv="http://www.isotc211.org/2005/srv" xmlns:gmx="http://www.isotc211.org/2005/gmx" xmlns:gts="http://www.isotc211.org/2005/gts" xmlns:gsr="http://www.isotc211.org/2005/gsr" xmlns:gmi="http://www.isotc211.org/2005/gmi" xmlns:gml="http://www.opengis.net/gml/3.2" xmlns:xlink="http://www.w3.org/1999/xlink" xmlns:geonet="http://www.fao.org/geonetwork" xsi:schemaLocation="http://www.isotc211.org/2005/gmd http://schemas.opengis.net/csw/2.0.2/profiles/apiso/1.0.0/apiso.xsd">
  <gmd:fileIdentifier>
    <gco:CharacterString>418d6ddc-806a-4d5f-835e-3d430a7a84ee</gco:CharacterString>
  </gmd:fileIdentifier>
  <gmd:language xmlns:xs="http://www.w3.org/2001/XMLSchema" xmlns:csw="http://schemas.opengis.net/csw/2.0.2" xmlns:gml="http://www.opengis.net/gml">
    <gmd:LanguageCode codeList="http://www.loc.gov/standards/iso639-2/" codeListValue="dut" />
  </gmd:language>
  <gmd:characterSet xmlns:xs="http://www.w3.org/2001/XMLSchema" xmlns:csw="http://schemas.opengis.net/csw/2.0.2" xmlns:gml="http://www.opengis.net/gml">
    <gmd:MD_CharacterSetCode codeList="http://standards.iso.org/iso/19139/resources/gmxCodelists.xml#MD_CharacterSetCode" codeListValue="utf8" />
  </gmd:characterSet>
  <gmd:hierarchyLevel xmlns:xs="http://www.w3.org/2001/XMLSchema" xmlns:csw="http://schemas.opengis.net/csw/2.0.2" xmlns:gml="http://www.opengis.net/gml">
    <gmd:MD_ScopeCode codeList="http://standards.iso.org/iso/19139/resources/gmxCodelists.xml#MD_ScopeCode" codeListValue="service" />
  </gmd:hierarchyLevel>
  <gmd:contact xmlns:xs="http://www.w3.org/2001/XMLSchema" xmlns:csw="http://schemas.opengis.net/csw/2.0.2" xmlns:gml="http://www.opengis.net/gml">
    <gmd:CI_ResponsibleParty>
      <gmd:individualName>
        <gco:CharacterString>klantcontact,</gco:CharacterString>
      </gmd:individualName>
      <gmd:organisationName>
        <gco:CharacterString>Rijksdienst voor Ondernemend Nederland (RvO)</gco:CharacterString>
      </gmd:organisationName>
      <gmd:positionName gco:nilReason="missing">
        <gco:CharacterString />
      </gmd:positionName>
      <gmd:contactInfo>
        <gmd:CI_Contact>
          <gmd:phone>
            <gmd:CI_Telephone>
              <gmd:voice>
                <gco:CharacterString>+31 88 0424242</gco:CharacterString>
              </gmd:voice>
              <gmd:facsimile gco:nilReason="missing">
                <gco:CharacterString />
              </gmd:facsimile>
            </gmd:CI_Telephone>
          </gmd:phone>
          <gmd:address>
            <gmd:CI_Address>
              <gmd:deliveryPoint>
                <gco:CharacterString>Slachthuisstraat 71</gco:CharacterString>
              </gmd:deliveryPoint>
              <gmd:city>
                <gco:CharacterString>Roermond</gco:CharacterString>
              </gmd:city>
              <gmd:administrativeArea>
                <gco:CharacterString>limburg</gco:CharacterString>
              </gmd:administrativeArea>
              <gmd:postalCode>
                <gco:CharacterString>6041 CB</gco:CharacterString>
              </gmd:postalCode>
              <gmd:country>
                <gco:CharacterString>Nederland</gco:CharacterString>
              </gmd:country>
              <gmd:electronicMailAddress>
                <gco:CharacterString>klantcontact@rvo.nl</gco:CharacterString>
              </gmd:electronicMailAddress>
            </gmd:CI_Address>
          </gmd:address>
          <gmd:onlineResource>
            <gmd:CI_OnlineResource>
              <gmd:linkage>
                <gmd:URL>www.rvo.nl</gmd:URL>
              </gmd:linkage>
            </gmd:CI_OnlineResource>
          </gmd:onlineResource>
        </gmd:CI_Contact>
      </gmd:contactInfo>
      <gmd:role>
        <gmd:CI_RoleCode codeListValue="pointOfContact" codeList="http://standards.iso.org/iso/19139/resources/gmxCodelists.xml#CI_RoleCode" />
      </gmd:role>
    </gmd:CI_ResponsibleParty>
  </gmd:contact>
  <gmd:dateStamp>
    <gco:Date>2020-12-22</gco:Date>
  </gmd:dateStamp>
  <gmd:metadataStandardName xmlns:xs="http://www.w3.org/2001/XMLSchema" xmlns:csw="http://schemas.opengis.net/csw/2.0.2" xmlns:gml="http://www.opengis.net/gml">
    <gco:CharacterString>ISO 19119</gco:CharacterString>
  </gmd:metadataStandardName>
  <gmd:metadataStandardVersion xmlns:xs="http://www.w3.org/2001/XMLSchema" xmlns:csw="http://schemas.opengis.net/csw/2.0.2" xmlns:gml="http://www.opengis.net/gml">
    <gco:CharacterString>Nederlands metadata profiel op ISO 19119 voor services 1.2</gco:CharacterString>
  </gmd:metadataStandardVersion>
  <gmd:referenceSystemInfo xmlns:xs="http://www.w3.org/2001/XMLSchema" xmlns:csw="http://schemas.opengis.net/csw/2.0.2" xmlns:gml="http://www.opengis.net/gml">
    <gmd:MD_ReferenceSystem>
      <gmd:referenceSystemIdentifier>
        <gmd:RS_Identifier>
          <gmd:code>
            <gco:CharacterString>28992</gco:CharacterString>
          </gmd:code>
          <gmd:codeSpace>
            <gco:CharacterString>EPSG</gco:CharacterString>
          </gmd:codeSpace>
        </gmd:RS_Identifier>
      </gmd:referenceSystemIdentifier>
    </gmd:MD_ReferenceSystem>
  </gmd:referenceSystemInfo>
  <gmd:identificationInfo>
    <srv:SV_ServiceIdentification>
      <gmd:citation xmlns:xs="http://www.w3.org/2001/XMLSchema" xmlns:csw="http://schemas.opengis.net/csw/2.0.2" xmlns:gml="http://www.opengis.net/gml">
        <gmd:CI_Citation>
          <gmd:title>
            <gco:CharacterString>WarmteAtlas WFS</gco:CharacterString>
          </gmd:title>
          <gmd:date>
            <gmd:CI_Date>
              <gmd:date>
                <gco:Date>2020-05-15</gco:Date>
              </gmd:date>
              <gmd:dateType>
                <gmd:CI_DateTypeCode codeList="http://standards.iso.org/iso/19139/resources/gmxCodelists.xml#CI_DateTypeCode" codeListValue="revision" />
              </gmd:dateType>
            </gmd:CI_Date>
          </gmd:date>
          <gmd:date>
            <gmd:CI_Date>
              <gmd:date>
                <gco:Date>2013-12-03</gco:Date>
              </gmd:date>
              <gmd:dateType>
                <!--   5.22 Datum type van de bron.. -->
                <gmd:CI_DateTypeCode codeList="http://standards.iso.org/iso/19139/resources/gmxCodelists.xml#CI_DateTypeCode" codeListValue="revision" />
              </gmd:dateType>
            </gmd:CI_Date>
          </gmd:date>
        </gmd:CI_Citation>
      </gmd:citation>
      <gmd:abstract xmlns:xs="http://www.w3.org/2001/XMLSchema" xmlns:csw="http://schemas.opengis.net/csw/2.0.2" xmlns:gml="http://www.opengis.net/gml">
        <gco:CharacterString>Atlas voor kaarten over het warmte gebruik (industrie, glastuinbouw en huishoudens) en potentieel kaarten voor de productie van duurzame warmte en de aanwezigheid van nog niet benutte restwarmte.</gco:CharacterString>
      </gmd:abstract>
      <gmd:pointOfContact xmlns:xs="http://www.w3.org/2001/XMLSchema" xmlns:csw="http://schemas.opengis.net/csw/2.0.2" xmlns:gml="http://www.opengis.net/gml">
        <gmd:CI_ResponsibleParty>
          <gmd:individualName>
            <gco:CharacterString>klantcontact</gco:CharacterString>
          </gmd:individualName>
          <gmd:organisationName>
            <gco:CharacterString>Rijksdienst voor Ondernemend Nederland (RvO)</gco:CharacterString>
          </gmd:organisationName>
          <gmd:positionName gco:nilReason="missing">
            <gco:CharacterString />
          </gmd:positionName>
          <gmd:contactInfo>
            <gmd:CI_Contact>
              <gmd:phone>
                <gmd:CI_Telephone>
                  <gmd:voice gco:nilReason="missing">
                    <gco:CharacterString />
                  </gmd:voice>
                  <gmd:facsimile gco:nilReason="missing">
                    <gco:CharacterString />
                  </gmd:facsimile>
                </gmd:CI_Telephone>
              </gmd:phone>
              <gmd:address>
                <gmd:CI_Address>
                  <gmd:deliveryPoint>
                    <gco:CharacterString>Slachthuisstraat 71</gco:CharacterString>
                  </gmd:deliveryPoint>
                  <gmd:city>
                    <gco:CharacterString>Roermond</gco:CharacterString>
                  </gmd:city>
                  <gmd:administrativeArea>
                    <gco:CharacterString>limburg</gco:CharacterString>
                  </gmd:administrativeArea>
                  <gmd:postalCode>
                    <gco:CharacterString>6041 CB</gco:CharacterString>
                  </gmd:postalCode>
                  <gmd:country>
                    <gco:CharacterString>Nederland</gco:CharacterString>
                  </gmd:country>
                  <gmd:electronicMailAddress>
                    <gco:CharacterString>klantcontact@rvo.nl</gco:CharacterString>
                  </gmd:electronicMailAddress>
                </gmd:CI_Address>
              </gmd:address>
              <gmd:onlineResource>
                <gmd:CI_OnlineResource>
                  <gmd:linkage>
                    <gmd:URL>www.rvo.nl</gmd:URL>
                  </gmd:linkage>
                </gmd:CI_OnlineResource>
              </gmd:onlineResource>
            </gmd:CI_Contact>
          </gmd:contactInfo>
          <gmd:role>
            <gmd:CI_RoleCode codeListValue="pointOfContact" codeList="http://standards.iso.org/iso/19139/resources/gmxCodelists.xml#CI_RoleCode" />
          </gmd:role>
        </gmd:CI_ResponsibleParty>
      </gmd:pointOfContact>
      <gmd:descriptiveKeywords xmlns:xs="http://www.w3.org/2001/XMLSchema" xmlns:csw="http://schemas.opengis.net/csw/2.0.2" xmlns:gml="http://www.opengis.net/gml">
        <gmd:MD_Keywords>
          <gmd:keyword>
            <gco:CharacterString>infoFeatureAccessService</gco:CharacterString>
          </gmd:keyword>
          <gmd:keyword>
            <gco:CharacterString>Energie</gco:CharacterString>
          </gmd:keyword>
          <gmd:keyword>
            <gco:CharacterString>Warmte</gco:CharacterString>
          </gmd:keyword>
          <gmd:keyword>
            <gco:CharacterString>Biomassa</gco:CharacterString>
          </gmd:keyword>
          <gmd:keyword>
            <gco:CharacterString>Biogas</gco:CharacterString>
          </gmd:keyword>
          <gmd:keyword>
            <gco:CharacterString>Industrie</gco:CharacterString>
          </gmd:keyword>
          <gmd:keyword>
            <gco:CharacterString>Glastuinbouw</gco:CharacterString>
          </gmd:keyword>
          <gmd:keyword>
            <gco:CharacterString>Gebouwde Omgeving</gco:CharacterString>
          </gmd:keyword>
          <gmd:keyword>
            <gco:CharacterString>Aardwarmte</gco:CharacterString>
          </gmd:keyword>
          <gmd:keyword>
            <gco:CharacterString>Warmte Koude Opslag WKO</gco:CharacterString>
          </gmd:keyword>
          <gmd:keyword>
            <gco:CharacterString>Thermische Energie Oppervlaktewater TEO</gco:CharacterString>
          </gmd:keyword>
          <gmd:keyword>
            <gco:CharacterString>Grote Stook Installaties</gco:CharacterString>
          </gmd:keyword>
          <gmd:keyword>
            <gco:CharacterString>Energie vraag</gco:CharacterString>
          </gmd:keyword>
          <gmd:keyword>
            <gco:CharacterString>Grote Gebouwen</gco:CharacterString>
          </gmd:keyword>
          <gmd:keyword>
            <gco:CharacterString>Kassen</gco:CharacterString>
          </gmd:keyword>
          <gmd:keyword>
            <gco:CharacterString>Woonwijken</gco:CharacterString>
          </gmd:keyword>
          <gmd:keyword>
            <gco:CharacterString>WarmteNetten</gco:CharacterString>
          </gmd:keyword>
          <gmd:keyword>
            <gco:CharacterString>Warmte projecten</gco:CharacterString>
          </gmd:keyword>
          <gmd:keyword>
            <gco:CharacterString>Geothermie</gco:CharacterString>
          </gmd:keyword>
          <gmd:keyword>
            <gco:CharacterString>Aquathermie</gco:CharacterString>
          </gmd:keyword>
          <gmd:keyword>
            <gco:CharacterString>CO2 emissie (ETS-bedrijven)</gco:CharacterString>
          </gmd:keyword>
          <gmd:keyword>
            <gco:CharacterString>Bedrijventerreinen</gco:CharacterString>
          </gmd:keyword>
          <gmd:keyword>
            <gco:CharacterString>TEA Thermische Energie Afvalwater</gco:CharacterString>
          </gmd:keyword>
          <gmd:keyword>
            <gco:CharacterString>TEO Thermische Energie Oppervlaktewater</gco:CharacterString>
          </gmd:keyword>
          <gmd:keyword>
            <gco:CharacterString>Gas</gco:CharacterString>
          </gmd:keyword>
          <gmd:keyword>
            <gco:CharacterString>MT-warmtebronnen</gco:CharacterString>
          </gmd:keyword>
          <gmd:keyword>
            <gco:CharacterString>LT-warmtebronnen</gco:CharacterString>
          </gmd:keyword>
        </gmd:MD_Keywords>
      </gmd:descriptiveKeywords>
      <gmd:descriptiveKeywords xmlns:xs="http://www.w3.org/2001/XMLSchema" xmlns:csw="http://schemas.opengis.net/csw/2.0.2" xmlns:gml="http://www.opengis.net/gml">
        <gmd:MD_Keywords>
          <gmd:keyword>
            <gco:CharacterString>Energiebronnen</gco:CharacterString>
          </gmd:keyword>
          <gmd:type>
            <gmd:MD_KeywordTypeCode codeList="http://standards.iso.org/iso/19139/resources/gmxCodelists.xml#MD_KeywordTypeCode" codeListValue="theme" />
          </gmd:type>
          <gmd:thesaurusName>
            <gmd:CI_Citation>
              <gmd:title>
                <gco:CharacterString>GEMET - INSPIRE themes, version 1.0</gco:CharacterString>
              </gmd:title>
              <gmd:date>
                <gmd:CI_Date>
                  <gmd:date>
                    <gco:Date>2008-06-01</gco:Date>
                  </gmd:date>
                  <gmd:dateType>
                    <gmd:CI_DateTypeCode codeList="http://standards.iso.org/iso/19139/resources/gmxCodelists.xml#CI_DateTypeCode" codeListValue="publication" />
                  </gmd:dateType>
                </gmd:CI_Date>
              </gmd:date>
            </gmd:CI_Citation>
          </gmd:thesaurusName>
        </gmd:MD_Keywords>
      </gmd:descriptiveKeywords>
      <gmd:descriptiveKeywords xmlns:xs="http://www.w3.org/2001/XMLSchema" xmlns:csw="http://schemas.opengis.net/csw/2.0.2" xmlns:gml="http://www.opengis.net/gml">
        <gmd:MD_Keywords>
          <gmd:keyword>
            <gco:CharacterString>Warmte</gco:CharacterString>
          </gmd:keyword>
          <gmd:keyword>
            <gco:CharacterString>Energie</gco:CharacterString>
          </gmd:keyword>
          <gmd:keyword>
            <gco:CharacterString>Industrie</gco:CharacterString>
          </gmd:keyword>
          <gmd:keyword>
            <gco:CharacterString>Woonkernen</gco:CharacterString>
          </gmd:keyword>
          <gmd:keyword>
            <gco:CharacterString>Glastuinbouw</gco:CharacterString>
          </gmd:keyword>
          <gmd:keyword>
            <gco:CharacterString>WarmteAtlas</gco:CharacterString>
          </gmd:keyword>
          <gmd:keyword>
            <gco:CharacterString>Warmte Vraag</gco:CharacterString>
          </gmd:keyword>
          <gmd:keyword>
            <gco:CharacterString>Kassen</gco:CharacterString>
          </gmd:keyword>
          <gmd:keyword>
            <gco:CharacterString>Aardwarmte</gco:CharacterString>
          </gmd:keyword>
          <gmd:keyword>
            <gco:CharacterString>WKO</gco:CharacterString>
          </gmd:keyword>
          <gmd:keyword>
            <gco:CharacterString>Grote Stook Installaties</gco:CharacterString>
          </gmd:keyword>
          <gmd:keyword>
            <gco:CharacterString>TEO</gco:CharacterString>
          </gmd:keyword>
          <gmd:keyword>
            <gco:CharacterString>TEA</gco:CharacterString>
          </gmd:keyword>
          <gmd:keyword>
            <gco:CharacterString>Aquathermie</gco:CharacterString>
          </gmd:keyword>
          <gmd:keyword>
            <gco:CharacterString>Geothermie</gco:CharacterString>
          </gmd:keyword>
          <gmd:keyword>
            <gco:CharacterString>Biomassa</gco:CharacterString>
          </gmd:keyword>
          <gmd:keyword>
            <gco:CharacterString>Biogas</gco:CharacterString>
          </gmd:keyword>
          <gmd:keyword>
            <gco:CharacterString>Bedrijventerreinen</gco:CharacterString>
          </gmd:keyword>
          <gmd:keyword>
            <gco:CharacterString>Grote Gebouwen</gco:CharacterString>
          </gmd:keyword>
          <gmd:keyword>
            <gco:CharacterString>Warmte Potentieel</gco:CharacterString>
          </gmd:keyword>
          <gmd:keyword>
            <gco:CharacterString>CO2 emissie</gco:CharacterString>
          </gmd:keyword>
          <gmd:keyword>
            <gco:CharacterString>Energie verbruik</gco:CharacterString>
          </gmd:keyword>
          <gmd:keyword>
            <gco:CharacterString>MT-warmtebronnen</gco:CharacterString>
          </gmd:keyword>
          <gmd:keyword>
            <gco:CharacterString>LT-warmtebronnen</gco:CharacterString>
          </gmd:keyword>
          <gmd:thesaurusName>
            <gmd:CI_Citation>
              <gmd:title gco:nilReason="missing">
                <gco:CharacterString />
              </gmd:title>
              <gmd:date>
                <gmd:CI_Date>
                  <gmd:dateType>
                    <gmd:CI_DateTypeCode codeList="http://standards.iso.org/iso/19139/resources/gmxCodelists.xml#CI_DateTypeCode" codeListValue="" />
                  </gmd:dateType>
                </gmd:CI_Date>
              </gmd:date>
            </gmd:CI_Citation>
          </gmd:thesaurusName>
        </gmd:MD_Keywords>
      </gmd:descriptiveKeywords>
      <gmd:resourceConstraints xmlns:xs="http://www.w3.org/2001/XMLSchema" xmlns:csw="http://schemas.opengis.net/csw/2.0.2" xmlns:gml="http://www.opengis.net/gml">
        <gmd:MD_Constraints>
          <gmd:useLimitation>
            <gco:CharacterString>Het kaartmateriaal en bijbehorende administratieve gegevens worden regelmatig bijgewerkt. De kaarten zijn openbaar. RVO streeft naar correcte en actuele informatie op deze site. De getoonde informatie kan echter onjuiste of onvolledige informatie bevatten. RVO kan geen aansprakelijkheid aanvaarden voor schade die verband houdt met het gebruik van de getoonde informatie.</gco:CharacterString>
          </gmd:useLimitation>
        </gmd:MD_Constraints>
      </gmd:resourceConstraints>
      <gmd:resourceConstraints xmlns:xs="http://www.w3.org/2001/XMLSchema" xmlns:csw="http://schemas.opengis.net/csw/2.0.2" xmlns:gml="http://www.opengis.net/gml">
        <gmd:MD_LegalConstraints>
          <gmd:accessConstraints>
            <gmd:MD_RestrictionCode codeList="http://standards.iso.org/iso/19139/resources/gmxCodelists.xml#MD_RestrictionCode" codeListValue="otherRestrictions" />
          </gmd:accessConstraints>
          <gmd:otherConstraints>
            <gco:CharacterString>Geen beperkingen</gco:CharacterString>
          </gmd:otherConstraints>
          <gmd:otherConstraints>
            <gco:CharacterString>http://creativecommons.org/licenses/by/4.0</gco:CharacterString>
          </gmd:otherConstraints>
        </gmd:MD_LegalConstraints>
      </gmd:resourceConstraints>
      <gmd:resourceConstraints xmlns:xs="http://www.w3.org/2001/XMLSchema" xmlns:csw="http://schemas.opengis.net/csw/2.0.2" xmlns:gml="http://www.opengis.net/gml">
        <gmd:MD_SecurityConstraints>
          <gmd:classification>
            <gmd:MD_ClassificationCode codeList="http://standards.iso.org/iso/19139/resources/gmxCodelists.xml#MD_ClassificationCode" codeListValue="unclassified" />
          </gmd:classification>
        </gmd:MD_SecurityConstraints>
      </gmd:resourceConstraints>
      <srv:serviceType xmlns:xs="http://www.w3.org/2001/XMLSchema" xmlns:csw="http://schemas.opengis.net/csw/2.0.2" xmlns:gml="http://www.opengis.net/gml">
        <gco:LocalName>download</gco:LocalName>
      </srv:serviceType>
      <srv:extent xmlns:xs="http://www.w3.org/2001/XMLSchema" xmlns:csw="http://schemas.opengis.net/csw/2.0.2" xmlns:gml="http://www.opengis.net/gml">
        <gmd:EX_Extent>
          <gmd:geographicElement>
            <gmd:EX_GeographicBoundingBox>
              <gmd:westBoundLongitude>
                <gco:Decimal>3.15</gco:Decimal>
              </gmd:westBoundLongitude>
              <gmd:eastBoundLongitude>
                <gco:Decimal>7.30</gco:Decimal>
              </gmd:eastBoundLongitude>
              <gmd:southBoundLatitude>
                <gco:Decimal>50.60</gco:Decimal>
              </gmd:southBoundLatitude>
              <gmd:northBoundLatitude>
                <gco:Decimal>53.60</gco:Decimal>
              </gmd:northBoundLatitude>
            </gmd:EX_GeographicBoundingBox>
          </gmd:geographicElement>
          <gmd:temporalElement>
            <gmd:EX_TemporalExtent>
              <gmd:extent>
                <gml:TimePeriod xmlns:gml="http://www.opengis.net/gml/3.2" gml:id="extent1">
                  <gml:begin>
                    <gml:TimeInstant gml:id="extent2">
                      <gml:timePosition>2005-01-01</gml:timePosition>
                    </gml:TimeInstant>
                  </gml:begin>
                  <gml:end>
                    <gml:TimeInstant gml:id="extent3">
                      <gml:timePosition>2099-01-01</gml:timePosition>
                    </gml:TimeInstant>
                  </gml:end>
                </gml:TimePeriod>
              </gmd:extent>
            </gmd:EX_TemporalExtent>
          </gmd:temporalElement>
        </gmd:EX_Extent>
      </srv:extent>
      <srv:couplingType xmlns:xs="http://www.w3.org/2001/XMLSchema" xmlns:csw="http://schemas.opengis.net/csw/2.0.2" xmlns:gml="http://www.opengis.net/gml">
        <srv:SV_CouplingType codeList="http://www.isotc211.org/2005/iso19119/resources/Codelist/gmxCodelists.xml#SV_CouplingType" codeListValue="tight" />
      </srv:couplingType>
      <srv:containsOperations xmlns:xs="http://www.w3.org/2001/XMLSchema" xmlns:csw="http://schemas.opengis.net/csw/2.0.2" xmlns:gml="http://www.opengis.net/gml">
        <srv:SV_OperationMetadata>
          <srv:operationName>
            <gco:CharacterString>https://rvo.b3p.nl/geoserver/WarmteAtlas/wfs?</gco:CharacterString>
          </srv:operationName>
          <srv:DCP>
            <srv:DCPList codeList="http://www.isotc211.org/2005/iso19119/resources/Codelist/gmxCodelists.xml#DCPList" codeListValue="WebServices" />
          </srv:DCP>
          <srv:connectPoint>
            <gmd:CI_OnlineResource>
              <gmd:linkage>
                <gmd:URL>https://rvo.b3p.nl/geoserver/WarmteAtlas/wfs?</gmd:URL>
              </gmd:linkage>
            </gmd:CI_OnlineResource>
          </srv:connectPoint>
        </srv:SV_OperationMetadata>
      </srv:containsOperations>
      <srv:operatesOn uuidref="b692a44e-ff97-45f0-b40f-bb1533007fd2" xlink:href="http://nationaalgeoregister.nl/geonetwork/srv/dut/csw?service=CSW&amp;version=2.0.2&amp;request=GetRecordById&amp;outputschema=http://www.isotc211.org/2005/gmd&amp;elementsetname=full&amp;id=8effe2ac-d724-4697-8b91-57686d4c828b" />
      <srv:operatesOn uuidref="6aae004e-20bd-4dfe-b045-83660564740e" xlink:href="http://nationaalgeoregister.nl/geonetwork/srv/dut/csw?service=CSW&amp;version=2.0.2&amp;request=GetRecordById&amp;outputschema=http://www.isotc211.org/2005/gmd&amp;elementsetname=full&amp;id=e5bf66e1-06f5-455a-9c69-3ceed69c7dba" />
      <srv:operatesOn uuidref="b27840c5-aa66-4104-a69a-549e8e70c8a1" xlink:href="http://nationaalgeoregister.nl/geonetwork/srv/dut/csw?service=CSW&amp;version=2.0.2&amp;request=GetRecordById&amp;outputschema=http://www.isotc211.org/2005/gmd&amp;elementsetname=full&amp;id=fd578651-b3cb-4994-b79a-5336c8db878e" />
      <srv:operatesOn uuidref="96fdbda9-c9e8-4b73-a706-170cea4eea28" xlink:href="http://nationaalgeoregister.nl/geonetwork/srv/dut/csw?service=CSW&amp;version=2.0.2&amp;request=GetRecordById&amp;outputschema=http://www.isotc211.org/2005/gmd&amp;elementsetname=full&amp;id=1568ebe9-d1dc-4642-baa7-7cdcb60d1145" />
      <srv:operatesOn uuidref="b716cf1d-64d1-493d-b56c-121a492e2033" xlink:href="http://nationaalgeoregister.nl/geonetwork/srv/dut/csw?service=CSW&amp;version=2.0.2&amp;request=GetRecordById&amp;outputschema=http://www.isotc211.org/2005/gmd&amp;elementsetname=full&amp;id=8044a8f9-4e7a-438d-95dc-dd1091cf3741" />
      <srv:operatesOn uuidref="cba01928-fc14-4054-8f79-d8dbd3feb6df" xlink:href="http://nationaalgeoregister.nl/geonetwork/srv/dut/csw?service=CSW&amp;version=2.0.2&amp;request=GetRecordById&amp;outputschema=http://www.isotc211.org/2005/gmd&amp;elementsetname=full&amp;id=70fa4bdb-2e9e-477e-833c-5648113198eb" />
      <srv:operatesOn uuidref="f3b39944-1ca2-4598-8e1e-478b61cb6a3e" xlink:href="http://nationaalgeoregister.nl/geonetwork/srv/dut/csw?service=CSW&amp;version=2.0.2&amp;request=GetRecordById&amp;outputschema=http://www.isotc211.org/2005/gmd&amp;elementsetname=full&amp;id=1fa63e83-5913-40ca-80c3-b6a89b64db0b" />
      <srv:operatesOn uuidref="f3b39944-1ca2-4598-8e1e-478b61cb6a3e" xlink:href="http://nationaalgeoregister.nl/geonetwork/srv/dut/csw?service=CSW&amp;version=2.0.2&amp;request=GetRecordById&amp;outputschema=http://www.isotc211.org/2005/gmd&amp;elementsetname=full&amp;id=801be0d9-f8b2-4d82-a218-52038e34af91" />
      <srv:operatesOn uuidref="af4b0337-da64-412b-bac2-5cc9b55924f0" xlink:href="http://nationaalgeoregister.nl/geonetwork/srv/dut/csw?service=CSW&amp;version=2.0.2&amp;request=GetRecordById&amp;outputschema=http://www.isotc211.org/2005/gmd&amp;elementsetname=full&amp;id=419b85e5-04ee-4cc9-b910-bc58594a943a" />
      <srv:operatesOn uuidref="6815cb0a-93ca-48d7-925f-1a716c75db64" xlink:href="http://nationaalgeoregister.nl/geonetwork/srv/dut/csw?service=CSW&amp;version=2.0.2&amp;request=GetRecordById&amp;outputschema=http://www.isotc211.org/2005/gmd&amp;elementsetname=full&amp;id=119f7512-a71e-4d1a-82e7-7a2b63f9338b" />
      <srv:operatesOn uuidref="19c1d20c-cd19-47e4-a550-f7bd17a06894" xlink:href="http://nationaalgeoregister.nl/geonetwork/srv/dut/csw?service=CSW&amp;version=2.0.2&amp;request=GetRecordById&amp;outputschema=http://www.isotc211.org/2005/gmd&amp;elementsetname=full&amp;id=6ea55ec4-f312-40ef-9935-68806e61b496" />
      <srv:operatesOn uuidref="09d8b830-4c3c-46a8-9c4b-21060a79bf2d" xlink:href="http://nationaalgeoregister.nl/geonetwork/srv/dut/csw?service=CSW&amp;version=2.0.2&amp;request=GetRecordById&amp;outputschema=http://www.isotc211.org/2005/gmd&amp;elementsetname=full&amp;id=24eb504e-f5f3-4ecf-b760-cc5630e82a57" />
      <srv:operatesOn uuidref="eeda5e63-debc-4b9b-9322-a85ea3f72d41" xlink:href="http://nationaalgeoregister.nl/geonetwork/srv/dut/csw?service=CSW&amp;version=2.0.2&amp;request=GetRecordById&amp;outputschema=http://www.isotc211.org/2005/gmd&amp;elementsetname=full&amp;id=af784610-df36-4d40-bac0-23d8e728999f" />
      <srv:operatesOn uuidref="4b7adaf0-b74d-4c1d-a558-9f2d7ce95038" xlink:href="http://nationaalgeoregister.nl/geonetwork/srv/dut/csw?service=CSW&amp;version=2.0.2&amp;request=GetRecordById&amp;outputschema=http://www.isotc211.org/2005/gmd&amp;elementsetname=full&amp;id=34dacd72-d2fb-4e28-844d-73d3b9c3fef2" />
      <srv:operatesOn uuidref="67a53242-fb98-47f7-a95a-495cdd2aca2d" xlink:href="http://nationaalgeoregister.nl/geonetwork/srv/dut/csw?service=CSW&amp;version=2.0.2&amp;request=GetRecordById&amp;outputschema=http://www.isotc211.org/2005/gmd&amp;elementsetname=full&amp;id=11d83e36-fd0d-46bc-838c-0567c5dfdb19" />
      <srv:operatesOn uuidref="ae75aae0-9adc-4ab2-90f8-ba19afd6d5f4" xlink:href="http://nationaalgeoregister.nl/geonetwork/srv/dut/csw?service=CSW&amp;version=2.0.2&amp;request=GetRecordById&amp;outputschema=http://www.isotc211.org/2005/gmd&amp;elementsetname=full&amp;id=d6b85d84-cdb9-4a6e-b799-cf8826e22a94" />
      <srv:operatesOn uuidref="e8f5458g-f384-44g3-aafc-d15ae54df155" xlink:href="https://www.nationaalgeoregister.nl:443/geonetwork/srv/dut/csw?service=CSW&amp;request=GetRecordById&amp;version=2.0.2&amp;outputSchema=http://www.isotc211.org/2005/gmd&amp;elementSetName=full&amp;id=89567cc1-8516-4ca3-ba88-496879de53c7" />
      <srv:operatesOn uuidref="" xlink:href="https://www.nationaalgeoregister.nl/geonetwork/srv/dut/csw?service=CSW&amp;request=GetRecordById&amp;version=2.0.2&amp;outputSchema=http://www.isotc211.org/2005/gmd&amp;elementSetName=full&amp;id=undefined" />
    </srv:SV_ServiceIdentification>
  </gmd:identificationInfo>
  <gmd:distributionInfo>
    <gmd:MD_Distribution>
      <gmd:distributor xmlns:xs="http://www.w3.org/2001/XMLSchema" xmlns:csw="http://schemas.opengis.net/csw/2.0.2" xmlns:gml="http://www.opengis.net/gml">
        <gmd:MD_Distributor>
          <gmd:distributorContact>
            <gmd:CI_ResponsibleParty>
              <gmd:organisationName gco:nilReason="missing">
                <gco:CharacterString />
              </gmd:organisationName>
              <gmd:contactInfo>
                <gmd:CI_Contact>
                  <gmd:address>
                    <gmd:CI_Address>
                      <gmd:electronicMailAddress gco:nilReason="missing">
                        <gco:CharacterString />
                      </gmd:electronicMailAddress>
                    </gmd:CI_Address>
                  </gmd:address>
                </gmd:CI_Contact>
              </gmd:contactInfo>
              <gmd:role>
                <gmd:CI_RoleCode codeList="http://standards.iso.org/iso/19139/resources/gmxCodelists.xml#CI_RoleCode" codeListValue="pointOfContact" />
              </gmd:role>
            </gmd:CI_ResponsibleParty>
          </gmd:distributorContact>
        </gmd:MD_Distributor>
      </gmd:distributor>
      <gmd:transferOptions>
        <gmd:MD_DigitalTransferOptions>
          <gmd:onLine>
            <gmd:CI_OnlineResource>
              <gmd:linkage>
                <gmd:URL>https://rvo.b3p.nl/geoserver/WarmteAtlas/wfs?</gmd:URL>
              </gmd:linkage>
              <gmd:protocol>
                <gco:CharacterString>OGC:WFS</gco:CharacterString>
              </gmd:protocol>
              <gmd:name>
                <gco:CharacterString>WarmteAtlas</gco:CharacterString>
              </gmd:name>
              <gmd:description>
                <gco:CharacterString>Warmte vraag en Potentieel</gco:CharacterString>
              </gmd:description>
            </gmd:CI_OnlineResource>
          </gmd:onLine>
        </gmd:MD_DigitalTransferOptions>
      </gmd:transferOptions>
    </gmd:MD_Distribution>
  </gmd:distributionInfo>
  <gmd:dataQualityInfo xmlns:xs="http://www.w3.org/2001/XMLSchema" xmlns:csw="http://schemas.opengis.net/csw/2.0.2" xmlns:gml="http://www.opengis.net/gml">
    <gmd:DQ_DataQuality>
      <gmd:scope>
        <gmd:DQ_Scope>
          <gmd:level>
            <gmd:MD_ScopeCode codeList="http://standards.iso.org/iso/19139/resources/gmxCodelists.xml#MD_ScopeCode" codeListValue="service" />
          </gmd:level>
        </gmd:DQ_Scope>
      </gmd:scope>
      <gmd:report>
        <gmd:DQ_DomainConsistency>
          <gmd:result>
            <gmd:DQ_ConformanceResult>
              <gmd:specification>
                <gmd:CI_Citation>
                  <gmd:title>
                    <gco:CharacterString>VERORDENING (EU) Nr. 1089/2010 VAN DE COMMISSIE van 23 november 2010 ter uitvoering van Richtlijn 2007/2/EG van het Europees Parlement en de Raad betreffende de interoperabiliteit van verzamelingen ruimtelijke gegevens en van diensten met betrekking tot ruimtelijke gegevens</gco:CharacterString>
                  </gmd:title>
                  <gmd:date>
                    <gmd:CI_Date>
                      <gmd:date>
                        <gco:Date>2010-12-08</gco:Date>
                      </gmd:date>
                      <gmd:dateType>
                        <gmd:CI_DateTypeCode codeList="http://standards.iso.org/iso/19139/resources/gmxCodelists.xml#CI_DateTypeCode" codeListValue="publication" />
                      </gmd:dateType>
                    </gmd:CI_Date>
                  </gmd:date>
                </gmd:CI_Citation>
              </gmd:specification>
              <gmd:explanation>
                <gco:CharacterString>Nadere uitleg bij het al dan niet volledig voldoen aan de specificatie</gco:CharacterString>
              </gmd:explanation>
              <gmd:pass>
                <gco:Boolean>false</gco:Boolean>
              </gmd:pass>
            </gmd:DQ_ConformanceResult>
          </gmd:result>
        </gmd:DQ_DomainConsistency>
      </gmd:report>
      <gmd:report>
        <gmd:DQ_DomainConsistency>
          <gmd:result>
            <gmd:DQ_ConformanceResult>
              <gmd:specification>
                <gmd:CI_Citation>
                  <gmd:title>
                    <gco:CharacterString>VERORDENING (EU) Nr. 1089/2010 VAN DE COMMISSIE van 23 november 2010 ter uitvoering van Richtlijn 2007/2/EG van het Europees Parlement en de Raad betreffende de interoperabiliteit van verzamelingen ruimtelijke gegevens en van diensten met betrekking tot ruimtelijke gegevens</gco:CharacterString>
                  </gmd:title>
                  <gmd:date>
                    <gmd:CI_Date>
                      <gmd:date>
                        <gco:Date>2010-12-08</gco:Date>
                      </gmd:date>
                      <gmd:dateType>
                        <gmd:CI_DateTypeCode codeList="http://standards.iso.org/iso/19139/resources/gmxCodelists.xml#CI_DateTypeCode" codeListValue="publication" />
                      </gmd:dateType>
                    </gmd:CI_Date>
                  </gmd:date>
                </gmd:CI_Citation>
              </gmd:specification>
              <gmd:explanation>
                <gco:CharacterString>Nadere uitleg bij het al dan niet volledig voldoen aan de specificatie</gco:CharacterString>
              </gmd:explanation>
              <gmd:pass>
                <gco:Boolean>false</gco:Boolean>
              </gmd:pass>
            </gmd:DQ_ConformanceResult>
          </gmd:result>
        </gmd:DQ_DomainConsistency>
      </gmd:report>
      <gmd:report>
        <gmd:DQ_DomainConsistency>
          <gmd:result>
            <gmd:DQ_ConformanceResult>
              <gmd:specification>
                <gmd:CI_Citation>
                  <gmd:title>
                    <gco:CharacterString>VERORDENING (EG) Nr. 976/2009 VAN DE COMMISSIE van 19 oktober 2009 tot uitvoering van Richtlijn 2007/2/EG van het Europees Parlement en de Raad wat betreft de netwerkdiensten</gco:CharacterString>
                  </gmd:title>
                  <gmd:date>
                    <gmd:CI_Date>
                      <gmd:date>
                        <gco:Date>2009-10-19</gco:Date>
                      </gmd:date>
                      <gmd:dateType>
                        <gmd:CI_DateTypeCode codeList="http://standards.iso.org/iso/19139/resources/gmxCodelists.xml#CI_DateTypeCode" codeListValue="publication" />
                      </gmd:dateType>
                    </gmd:CI_Date>
                  </gmd:date>
                </gmd:CI_Citation>
              </gmd:specification>
              <gmd:explanation>
                <gco:CharacterString>Nadere uitleg bij het al dan niet volledig voldoen aan de specificatie</gco:CharacterString>
              </gmd:explanation>
              <gmd:pass>
                <gco:Boolean>false</gco:Boolean>
              </gmd:pass>
            </gmd:DQ_ConformanceResult>
          </gmd:result>
        </gmd:DQ_DomainConsistency>
      </gmd:report>
    </gmd:DQ_DataQuality>
  </gmd:dataQualityInfo>
</gmd:MD_Metadata>