<?xml version="1.0" encoding="UTF-8"?>
<gmd:MD_Metadata xmlns:gmd="http://www.isotc211.org/2005/gmd" xmlns:xsi="http://www.w3.org/2001/XMLSchema-instance" xmlns:gco="http://www.isotc211.org/2005/gco" xmlns:srv="http://www.isotc211.org/2005/srv" xmlns:gmx="http://www.isotc211.org/2005/gmx" xmlns:gts="http://www.isotc211.org/2005/gts" xmlns:gsr="http://www.isotc211.org/2005/gsr" xmlns:gmi="http://www.isotc211.org/2005/gmi" xmlns:gml="http://www.opengis.net/gml" xmlns:xlink="http://www.w3.org/1999/xlink" xmlns:geonet="http://www.fao.org/geonetwork" xsi:schemaLocation="http://www.isotc211.org/2005/gmd http://schemas.opengis.net/iso/19139/20060504/gmd/gmd.xsd">
  <gmd:fileIdentifier>
    <gco:CharacterString>b01a9e05-5c09-4757-898f-ca78613c8bbf</gco:CharacterString>
  </gmd:fileIdentifier>
  <gmd:language>
    <gmd:LanguageCode codeList="http://www.loc.gov/standards/iso639-2/" codeListValue="dut" />
  </gmd:language>
  <gmd:characterSet>
    <gmd:MD_CharacterSetCode codeList="http://standards.iso.org/iso/19139/resources/gmxCodelists.xml#MD_CharacterSetCode" codeListValue="utf8" />
  </gmd:characterSet>
  <gmd:hierarchyLevel>
    <gmd:MD_ScopeCode codeList="http://standards.iso.org/iso/19139/resources/gmxCodelists.xml#MD_ScopeCode" codeListValue="dataset" />
  </gmd:hierarchyLevel>
  <gmd:contact>
    <gmd:CI_ResponsibleParty>
      <gmd:individualName gco:nilReason="missing">
        <gco:CharacterString />
      </gmd:individualName>
      <gmd:organisationName>
        <gco:CharacterString>Atlas Natuurlijk Kapitaal</gco:CharacterString>
      </gmd:organisationName>
      <gmd:positionName gco:nilReason="missing">
        <gco:CharacterString />
      </gmd:positionName>
      <gmd:contactInfo>
        <gmd:CI_Contact>
          <gmd:phone>
            <gmd:CI_Telephone>
              <gmd:voice gco:nilReason="missing">
                <gco:CharacterString />
              </gmd:voice>
              <gmd:facsimile gco:nilReason="missing">
                <gco:CharacterString />
              </gmd:facsimile>
            </gmd:CI_Telephone>
          </gmd:phone>
          <gmd:address>
            <gmd:CI_Address>
              <gmd:deliveryPoint gco:nilReason="missing">
                <gco:CharacterString />
              </gmd:deliveryPoint>
              <gmd:city gco:nilReason="missing">
                <gco:CharacterString />
              </gmd:city>
              <gmd:administrativeArea gco:nilReason="missing">
                <gco:CharacterString />
              </gmd:administrativeArea>
              <gmd:postalCode gco:nilReason="missing">
                <gco:CharacterString />
              </gmd:postalCode>
              <gmd:country gco:nilReason="missing">
                <gco:CharacterString />
              </gmd:country>
              <gmd:electronicMailAddress>
                <gco:CharacterString>atlasnatuurlijkkapitaal@rivm.nl</gco:CharacterString>
              </gmd:electronicMailAddress>
            </gmd:CI_Address>
          </gmd:address>
          <gmd:onlineResource>
            <gmd:CI_OnlineResource>
              <gmd:linkage>
                <gmd:URL>www.atlasnatuurlijkkapitaal.nl</gmd:URL>
              </gmd:linkage>
            </gmd:CI_OnlineResource>
          </gmd:onlineResource>
        </gmd:CI_Contact>
      </gmd:contactInfo>
      <gmd:role>
        <gmd:CI_RoleCode codeList="http://standards.iso.org/iso/19139/resources/gmxCodelists.xml#CI_RoleCode" codeListValue="pointOfContact" />
      </gmd:role>
    </gmd:CI_ResponsibleParty>
  </gmd:contact>
  <gmd:dateStamp>
    <gco:Date>2022-04-22</gco:Date>
  </gmd:dateStamp>
  <gmd:metadataStandardName>
    <gco:CharacterString>ISO 19115</gco:CharacterString>
  </gmd:metadataStandardName>
  <gmd:metadataStandardVersion>
    <gco:CharacterString>Nederlands metadata profiel op ISO 19115 voor geografie 1.3.1</gco:CharacterString>
  </gmd:metadataStandardVersion>
  <gmd:referenceSystemInfo>
    <gmd:MD_ReferenceSystem>
      <gmd:referenceSystemIdentifier>
        <gmd:RS_Identifier>
          <gmd:code>
            <gco:CharacterString>28992</gco:CharacterString>
          </gmd:code>
          <gmd:codeSpace>
            <gco:CharacterString>EPSG</gco:CharacterString>
          </gmd:codeSpace>
        </gmd:RS_Identifier>
      </gmd:referenceSystemIdentifier>
    </gmd:MD_ReferenceSystem>
  </gmd:referenceSystemInfo>
  <gmd:identificationInfo>
    <gmd:MD_DataIdentification>
      <gmd:citation>
        <gmd:CI_Citation>
          <gmd:title>
            <gco:CharacterString>Waterregulering ondergrond</gco:CharacterString>
          </gmd:title>
          <gmd:alternateTitle>
            <gco:CharacterString>de kansrijkdom van verschillende maatregelen voor zoetwatervoorziening, gericht op benutting van de bergingscapaciteit in het diepe en ondiepe grondwater.</gco:CharacterString>
          </gmd:alternateTitle>
          <gmd:date>
            <gmd:CI_Date>
              <gmd:date>
                <gco:Date>2014-11-05</gco:Date>
              </gmd:date>
              <gmd:dateType>
                <gmd:CI_DateTypeCode codeListValue="creation" codeList="http://standards.iso.org/iso/19139/resources/gmxCodelists.xml#CI_DateTypeCode" />
              </gmd:dateType>
            </gmd:CI_Date>
          </gmd:date>
          <gmd:identifier>
            <gmd:MD_Identifier>
              <gmd:code>
                <gco:CharacterString>Deltares-1208234-DANK-017</gco:CharacterString>
              </gmd:code>
            </gmd:MD_Identifier>
          </gmd:identifier>
        </gmd:CI_Citation>
      </gmd:citation>
      <gmd:abstract>
        <gco:CharacterString>Deze kaart geeft een overzicht van kansrijke maatregelen, verspreid over Nederland, om de bergingscapaciteit van de ondergrond te benutten.
                    De bergingscapaciteit voor water in de ondergrond biedt veel mogelijkheden, zowel ten behoeve van zoetwatervoorziening tijdens droge perioden als voor het opvangen van neerslag- en hoogwaterpieken. De ondergrond werkt in beide gevallen regulerend, als een buffer, om het effect van extreme klimatologische omstandigheden op te vangen en te verkleinen.
                    De ecosysteemdienst die de ondergrond biedt is in dit geval het vasthouden van gebiedseigen water in bovenstroomse gebieden. Dit wordt ook wel bergen aan de bron genoemd. Voor perioden van droogte biedt benutting van de bergingscapaciteit mogelijkheden voor de zoetwatervoorziening, doordat het geborgen water langere tijd beschikbaar blijft, zowel voor onttrekkingen (drinkwater, beregeningswater, proceswater), als via grondwaterstroming. Dit laatste leidt tot een constantere voeding van natte (kwelafhankelijke) natuurgebieden.

                    Voor een selectie van zeven waterregulerende maatregelen (afkomstig uit de Fresh Water Options Optimzer; Van Bakel e.a., 2014) zijn de inlvoed van de fysische eigenschappen van de ondergrond in kaart gebracht. Een 8e maatregel is daar later aan toegevoegd (zie verderop in de toelichting)

                    Het gaat om de volgende maatregelen:
                    (1) drains2buffer  - aanleg van dieper gelegen, regeblare drains in gebieden met dunne regenwaterlenzen in zoute kwelgebieden met als doel verdikking van de zoetwaterlens.
                    (2) regelbare drainage - vervanging traditionele drainage door regelbare en/of klimaatadaptieve drainage.
                    (3) kreekruginfiltratie – verhoging van de grondwaterstand door actieve infiltratie via drains.
                    (4) freshmaker – injectie van zoet water in zoute watervoerende pakketten middels horizontale putten. In tijden van schaarste wordt het zoete water teruggewonnen. Injectie (op 5 – 10m diepte) wordt gecombineerd met onttrekking van zout water op een iets grotere diepte (15 – 20m) om de zoetwaterbel op zijn plek te houden.
                    (5) verticale ASR – Aquifer Storage and recovery – injectie van zoetwater tijdens perioden van overschot middels een verticale put en onttrekking van datzelfde water via diezelfde put in tijden van schaarste.
                    (6) waterconservering door aanleg van stuwen die zowel het oppervlaktewater als het grondwaterpeil verhogen.
                    (7) waterconservering door slootbodemverhoging (figuur 1) die de drainagebasis verhoogt
                    (8) MAR – Managed Aquifer Recharge – actieve infiltratie bij overschot; terugwinning middels pompen of via natuurlijke wegen benedenstrooms als voeding voor beeksystemen en andere natte natuurgebieden.</gco:CharacterString>
      </gmd:abstract>
      <gmd:purpose>
        <gco:CharacterString>Suggesties voor gebruik van de kaart:
                    De kaarten zijn bruikbaar voor een eerste verkenning van de mogelijkheden om de zoetwatervoorziening in een gebied te vergroten. De voorgestelde kaart is geschikt voor gebruik op landelijke tot regionale schaal. Voor lokale toepassing is nadere detaillering van de mogelijkheden nodig, op basis van lokalere input data en lokale en regionale watersysteemkennis.

                    De toepassing van de verschillende maatregelen betekent dat de waterhuishouding wordt aangepast, om daarmee de zoetwaterbeschikbaarheid te vergroten.Er zijn echter ook andere factoren die de mate van succes bepalen. In aanvulling op de kaarten is daarom een methodiek ontwikkeld waarmee in beeld kan worden gebracht op welke wijze de maatregelen niet alleen het watersysteem op de toepassingslocatie, maar ook in de omgeving beïnvloeden (figuur 2 en Van Bakel e.a., 2014). De combinatie van kaarten en methodiek vormt een belangrijke basis voor de afwegingen die worden gemaakt bij de implementatie van de kleinschalige maatregelen.</gco:CharacterString>
      </gmd:purpose>
      <gmd:status>
        <gmd:MD_ProgressCode codeListValue="completed" codeList="http://standards.iso.org/iso/19139/resources/gmxCodelists.xml#MD_ProgressCode" />
      </gmd:status>
      <gmd:pointOfContact>
        <gmd:CI_ResponsibleParty>
          <gmd:individualName>
            <gco:CharacterString>Marijn Kuijper - Bodem- en Grondwatersystemen</gco:CharacterString>
          </gmd:individualName>
          <gmd:organisationName>
            <gco:CharacterString>Deltares</gco:CharacterString>
          </gmd:organisationName>
          <gmd:positionName gco:nilReason="missing">
            <gco:CharacterString />
          </gmd:positionName>
          <gmd:contactInfo>
            <gmd:CI_Contact>
              <gmd:phone>
                <gmd:CI_Telephone>
                  <gmd:voice>
                    <gco:CharacterString>088 335 7775</gco:CharacterString>
                  </gmd:voice>
                  <gmd:facsimile gco:nilReason="missing">
                    <gco:CharacterString />
                  </gmd:facsimile>
                </gmd:CI_Telephone>
              </gmd:phone>
              <gmd:address>
                <gmd:CI_Address>
                  <gmd:deliveryPoint>
                    <gco:CharacterString>Princetonlaan 6-8</gco:CharacterString>
                  </gmd:deliveryPoint>
                  <gmd:city>
                    <gco:CharacterString>Utrecht</gco:CharacterString>
                  </gmd:city>
                  <gmd:administrativeArea gco:nilReason="missing">
                    <gco:CharacterString />
                  </gmd:administrativeArea>
                  <gmd:postalCode gco:nilReason="missing">
                    <gco:CharacterString />
                  </gmd:postalCode>
                  <gmd:country gco:nilReason="missing">
                    <gco:CharacterString />
                  </gmd:country>
                  <gmd:electronicMailAddress>
                    <gco:CharacterString>Servicedesk-Data@deltares.nl</gco:CharacterString>
                  </gmd:electronicMailAddress>
                </gmd:CI_Address>
              </gmd:address>
              <gmd:onlineResource>
                <gmd:CI_OnlineResource>
                  <gmd:linkage>
                    <gmd:URL>https://data.rivm.nl/meta/srv/api/records/b01a9e05-5c09-4757-898f-ca78613c8bbf/attachments/www.deltares.nl</gmd:URL>
                  </gmd:linkage>
                </gmd:CI_OnlineResource>
              </gmd:onlineResource>
            </gmd:CI_Contact>
          </gmd:contactInfo>
          <gmd:role>
            <gmd:CI_RoleCode codeList="http://standards.iso.org/iso/19139/resources/gmxCodelists.xml#CI_RoleCode" codeListValue="originator" />
          </gmd:role>
        </gmd:CI_ResponsibleParty>
      </gmd:pointOfContact>
      <gmd:resourceMaintenance />
      <gmd:graphicOverview>
        <gmd:MD_BrowseGraphic>
          <gmd:fileName>
            <gco:CharacterString>https://data.rivm.nl/meta/srv/api/records/b01a9e05-5c09-4757-898f-ca78613c8bbf/attachments/DANK017_Waterregulering_Ondergrond.png</gco:CharacterString>
          </gmd:fileName>
          <gmd:fileDescription>
            <gco:CharacterString>DANK017_Waterregulering_Ondergrond.png</gco:CharacterString>
          </gmd:fileDescription>
        </gmd:MD_BrowseGraphic>
      </gmd:graphicOverview>
      <gmd:descriptiveKeywords>
        <gmd:MD_Keywords>
          <gmd:keyword>
            <gco:CharacterString>grondwater</gco:CharacterString>
          </gmd:keyword>
          <gmd:keyword>
            <gco:CharacterString>berging</gco:CharacterString>
          </gmd:keyword>
          <gmd:keyword>
            <gco:CharacterString>landbouw</gco:CharacterString>
          </gmd:keyword>
          <gmd:keyword>
            <gco:CharacterString>watervoorziening</gco:CharacterString>
          </gmd:keyword>
        </gmd:MD_Keywords>
      </gmd:descriptiveKeywords>
      <gmd:resourceConstraints>
        <gmd:MD_Constraints>
          <gmd:useLimitation>
            <gco:CharacterString>Geen beperkingen</gco:CharacterString>
          </gmd:useLimitation>
        </gmd:MD_Constraints>
      </gmd:resourceConstraints>
      <gmd:resourceConstraints>
        <gmd:MD_LegalConstraints>
          <gmd:accessConstraints>
            <gmd:MD_RestrictionCode codeList="http://standards.iso.org/iso/19139/resources/gmxCodelists.xml#MD_RestrictionCode" codeListValue="otherRestrictions" />
          </gmd:accessConstraints>
          <gmd:otherConstraints>
            <gco:CharacterString>Op de opdracht zijn van toepassing de Algemene Voorwaarden voor opdrachten aan de Stichting Deltares (versie 2013), zoals gedeponeerd bij de griffie van de Rechtbank te ‘s-Gravenhage en de Kamer van Koophandel en Fabrieken voor Haaglanden. Een exemplaar van de Algemene Voorwaarden treft u aan op:http://www.deltares.nl/xmlpages/tan/files?p_file_id=13035</gco:CharacterString>
          </gmd:otherConstraints>
          <gmd:otherConstraints>
            <gco:CharacterString>http://creativecommons.org/licenses/by/3.0/nl</gco:CharacterString>
          </gmd:otherConstraints>
        </gmd:MD_LegalConstraints>
      </gmd:resourceConstraints>
      <gmd:spatialResolution>
        <gmd:MD_Resolution>
          <gmd:equivalentScale>
            <gmd:MD_RepresentativeFraction>
              <gmd:denominator>
                <gco:Integer>250000</gco:Integer>
              </gmd:denominator>
            </gmd:MD_RepresentativeFraction>
          </gmd:equivalentScale>
        </gmd:MD_Resolution>
      </gmd:spatialResolution>
      <gmd:language>
        <gmd:LanguageCode codeList="http://www.loc.gov/standards/iso639-2/" codeListValue="dut" />
      </gmd:language>
      <gmd:characterSet>
        <gmd:MD_CharacterSetCode codeListValue="utf8" codeList="http://standards.iso.org/iso/19139/resources/gmxCodelists.xml#MD_CharacterSetCode" />
      </gmd:characterSet>
      <gmd:topicCategory>
        <gmd:MD_TopicCategoryCode>geoscientificInformation</gmd:MD_TopicCategoryCode>
      </gmd:topicCategory>
      <gmd:extent>
        <gmd:EX_Extent>
          <gmd:description>
            <gco:CharacterString>Nederland</gco:CharacterString>
          </gmd:description>
          <gmd:geographicElement>
            <gmd:EX_GeographicBoundingBox>
              <gmd:westBoundLongitude>
                <gco:Decimal>3.37087</gco:Decimal>
              </gmd:westBoundLongitude>
              <gmd:eastBoundLongitude>
                <gco:Decimal>7.21097</gco:Decimal>
              </gmd:eastBoundLongitude>
              <gmd:southBoundLatitude>
                <gco:Decimal>50.7539</gco:Decimal>
              </gmd:southBoundLatitude>
              <gmd:northBoundLatitude>
                <gco:Decimal>53.4658</gco:Decimal>
              </gmd:northBoundLatitude>
            </gmd:EX_GeographicBoundingBox>
          </gmd:geographicElement>
        </gmd:EX_Extent>
      </gmd:extent>
      <gmd:supplementalInformation>
        <gco:CharacterString>Bakel, J. van, P. de Louw, H. Massop, L. Stuyt, L. Tolk, J. Velstra, M. Hoogvliet en M. Mikkels (2014) Fresh Water Options Optimizer. Stowa rapportnummer 2014-16, KvK rapportnummer KvK118/2014 concept.
                    Broers, H.P. en J. Lijzen (2013) Afwegingen bij het gebruik van grondwater en de ondergreond. Een verkenning op basis van ecosysteemdiensten. Deltares en RIVM, Deltares-rapportnummer 1207762-016 / RIVM-rapportnummer 607710003/2014, Utrecht.
                    Deltares/NHI
                    Hoogvliet, M., Stuyt, L., Bakel, J. van, Velstra, J., Louw, P. de, Massop, H., Tolk, L., Kempen, C. Van, Nikkels, M. (2014) Fresh Water Options Optimizer. Stowa rapportnummer 2014-43, KvK rapportnummer KvK141/2014, ISBN 978.90.5773.650.6</gco:CharacterString>
      </gmd:supplementalInformation>
    </gmd:MD_DataIdentification>
  </gmd:identificationInfo>
  <gmd:distributionInfo>
    <gmd:MD_Distribution>
      <gmd:transferOptions>
        <gmd:MD_DigitalTransferOptions>
          <gmd:unitsOfDistribution gco:nilReason="missing">
            <gco:CharacterString />
          </gmd:unitsOfDistribution>
          <gmd:transferSize gco:nilReason="missing" />
          <gmd:onLine>
            <gmd:CI_OnlineResource>
              <gmd:linkage>
                <gmd:URL>https://data.rivm.nl/geo/ank/wms?</gmd:URL>
              </gmd:linkage>
              <gmd:protocol>
                <gco:CharacterString>OGC:WMS</gco:CharacterString>
              </gmd:protocol>
              <gmd:name>
                <gco:CharacterString>d17_waterregulering_ondergrond</gco:CharacterString>
              </gmd:name>
              <gmd:description>
                <gco:CharacterString>d17_waterregulering_ondergrond</gco:CharacterString>
              </gmd:description>
            </gmd:CI_OnlineResource>
          </gmd:onLine>
          <gmd:onLine>
            <gmd:CI_OnlineResource>
              <gmd:linkage>
                <gmd:URL>https://data.rivm.nl/meta/srv/api/records/b01a9e05-5c09-4757-898f-ca78613c8bbf/attachments/DANK017_waterregulering_ondergrond.zip</gmd:URL>
              </gmd:linkage>
              <gmd:protocol>
                <gco:CharacterString>download</gco:CharacterString>
              </gmd:protocol>
              <gmd:name>
                <gco:CharacterString>DANK017_waterregulering_ondergrond.zip</gco:CharacterString>
              </gmd:name>
            </gmd:CI_OnlineResource>
          </gmd:onLine>
          <gmd:offLine>
            <gmd:MD_Medium>
              <gmd:name>
                <gmd:MD_MediumNameCode codeList="http://standards.iso.org/iso/19139/resources/gmxCodelists.xml#MD_MediumNameCode" codeListValue="" />
              </gmd:name>
            </gmd:MD_Medium>
          </gmd:offLine>
        </gmd:MD_DigitalTransferOptions>
      </gmd:transferOptions>
    </gmd:MD_Distribution>
  </gmd:distributionInfo>
  <gmd:dataQualityInfo>
    <gmd:DQ_DataQuality>
      <gmd:scope>
        <gmd:DQ_Scope>
          <gmd:level>
            <gmd:MD_ScopeCode codeListValue="dataset" codeList="http://standards.iso.org/iso/19139/resources/gmxCodelists.xml#MD_ScopeCode" />
          </gmd:level>
        </gmd:DQ_Scope>
      </gmd:scope>
      <gmd:lineage>
        <gmd:LI_Lineage>
          <gmd:statement>
            <gco:CharacterString>De kaartlaag is berekend door deltares, voor een groot deel op basis van resultaten uit het project FWOO (Hoogvliet et al. 2014), raster uit het NHI en de grondwaterbeschermingsgebieden &amp; boringsvrije zones van de gezamenlijke provinces op services.inspire-provincies.nl

                            Legenda
                            1. drains2buffer
                            2. vervanging buisdrainage door regelbare drainage
                            3. kreekruginfiltratie
                            4. freshmaker
                            5. ASR
                            6. waterconservering door stuwen
                            7. waterconservering door slootbodemverhoging
                            8. MAR</gco:CharacterString>
          </gmd:statement>
        </gmd:LI_Lineage>
      </gmd:lineage>
    </gmd:DQ_DataQuality>
  </gmd:dataQualityInfo>
</gmd:MD_Metadata>