<?xml version="1.0" encoding="UTF-8"?>
<gmd:MD_Metadata xmlns:gmd="http://www.isotc211.org/2005/gmd" xmlns:xsi="http://www.w3.org/2001/XMLSchema-instance" xmlns:gco="http://www.isotc211.org/2005/gco" xmlns:srv="http://www.isotc211.org/2005/srv" xmlns:gmx="http://www.isotc211.org/2005/gmx" xmlns:gts="http://www.isotc211.org/2005/gts" xmlns:gsr="http://www.isotc211.org/2005/gsr" xmlns:gmi="http://www.isotc211.org/2005/gmi" xmlns:gml="http://www.opengis.net/gml" xmlns:xlink="http://www.w3.org/1999/xlink" xmlns:geonet="http://www.fao.org/geonetwork" xsi:schemaLocation="http://www.isotc211.org/2005/gmd http://schemas.opengis.net/iso/19139/20060504/gmd/gmd.xsd">
  <gmd:fileIdentifier>
    <gco:CharacterString>a1a8ea7a-7683-454e-a0c1-b510a6901d01</gco:CharacterString>
  </gmd:fileIdentifier>
  <gmd:language>
    <gmd:LanguageCode codeList="http://www.loc.gov/standards/iso639-2/" codeListValue="dut" />
  </gmd:language>
  <gmd:characterSet>
    <gmd:MD_CharacterSetCode codeListValue="utf8" codeList="http://standards.iso.org/iso/19139/resources/gmxCodelists.xml#MD_CharacterSetCode" />
  </gmd:characterSet>
  <gmd:hierarchyLevel>
    <gmd:MD_ScopeCode codeListValue="dataset" codeList="http://standards.iso.org/iso/19139/resources/gmxCodelists.xml#MD_ScopeCode" />
  </gmd:hierarchyLevel>
  <gmd:contact>
    <gmd:CI_ResponsibleParty>
      <gmd:individualName gco:nilReason="missing">
        <gco:CharacterString />
      </gmd:individualName>
      <gmd:organisationName>
        <gco:CharacterString>Atlas Natuurlijk Kapitaal</gco:CharacterString>
      </gmd:organisationName>
      <gmd:positionName gco:nilReason="missing">
        <gco:CharacterString />
      </gmd:positionName>
      <gmd:contactInfo>
        <gmd:CI_Contact>
          <gmd:phone>
            <gmd:CI_Telephone>
              <gmd:voice gco:nilReason="missing">
                <gco:CharacterString />
              </gmd:voice>
              <gmd:facsimile gco:nilReason="missing">
                <gco:CharacterString />
              </gmd:facsimile>
            </gmd:CI_Telephone>
          </gmd:phone>
          <gmd:address>
            <gmd:CI_Address>
              <gmd:deliveryPoint gco:nilReason="missing">
                <gco:CharacterString />
              </gmd:deliveryPoint>
              <gmd:city gco:nilReason="missing">
                <gco:CharacterString />
              </gmd:city>
              <gmd:administrativeArea gco:nilReason="missing">
                <gco:CharacterString />
              </gmd:administrativeArea>
              <gmd:postalCode gco:nilReason="missing">
                <gco:CharacterString />
              </gmd:postalCode>
              <gmd:country gco:nilReason="missing">
                <gco:CharacterString />
              </gmd:country>
              <gmd:electronicMailAddress>
                <gco:CharacterString>atlasnatuurlijkkapitaal@rivm.nl</gco:CharacterString>
              </gmd:electronicMailAddress>
            </gmd:CI_Address>
          </gmd:address>
          <gmd:onlineResource>
            <gmd:CI_OnlineResource>
              <gmd:linkage>
                <gmd:URL>www.atlasnatuurlijkkapitaal.nl</gmd:URL>
              </gmd:linkage>
            </gmd:CI_OnlineResource>
          </gmd:onlineResource>
        </gmd:CI_Contact>
      </gmd:contactInfo>
      <gmd:role>
        <gmd:CI_RoleCode codeList="http://standards.iso.org/iso/19139/resources/gmxCodelists.xml#CI_RoleCode" codeListValue="pointOfContact" />
      </gmd:role>
    </gmd:CI_ResponsibleParty>
  </gmd:contact>
  <gmd:dateStamp>
    <gco:Date>2021-12-21</gco:Date>
  </gmd:dateStamp>
  <gmd:metadataStandardName>
    <gco:CharacterString>ISO 19115</gco:CharacterString>
  </gmd:metadataStandardName>
  <gmd:metadataStandardVersion>
    <gco:CharacterString>Nederlands metadata profiel op ISO 19115 voor geografie 1.3.1</gco:CharacterString>
  </gmd:metadataStandardVersion>
  <gmd:referenceSystemInfo>
    <gmd:MD_ReferenceSystem>
      <gmd:referenceSystemIdentifier>
        <gmd:RS_Identifier>
          <gmd:code>
            <gco:CharacterString>4326</gco:CharacterString>
          </gmd:code>
          <gmd:codeSpace>
            <gco:CharacterString>EPSG</gco:CharacterString>
          </gmd:codeSpace>
        </gmd:RS_Identifier>
      </gmd:referenceSystemIdentifier>
    </gmd:MD_ReferenceSystem>
  </gmd:referenceSystemInfo>
  <gmd:identificationInfo>
    <gmd:MD_DataIdentification>
      <gmd:citation>
        <gmd:CI_Citation>
          <gmd:title>
            <gco:CharacterString>DANK - Gebruik en behoefte aan zoetwater voor diverse functies: Tekort voor doorspoeling in gemiddeld jaar</gco:CharacterString>
          </gmd:title>
          <gmd:date>
            <gmd:CI_Date>
              <gmd:date>
                <gco:Date>2014-11-05</gco:Date>
              </gmd:date>
              <gmd:dateType>
                <gmd:CI_DateTypeCode codeListValue="creation" codeList="http://standards.iso.org/iso/19139/resources/gmxCodelists.xml#CI_DateTypeCode" />
              </gmd:dateType>
            </gmd:CI_Date>
          </gmd:date>
          <gmd:identifier>
            <gmd:MD_Identifier>
              <gmd:code>
                <gco:CharacterString>Deltares-1208234-DANK-04g</gco:CharacterString>
              </gmd:code>
            </gmd:MD_Identifier>
          </gmd:identifier>
        </gmd:CI_Citation>
      </gmd:citation>
      <gmd:abstract>
        <gco:CharacterString>Zoet oppervlaktewater wordt gebruikt voor een aantal doeleinden, waaronder voor het doorspoelen van het regionale watersysteem.  Doorspoeling. In met name het westen van Nederland is zoet water ook nodig om te voorkomen dat het water in het regionale systeem te zout wordt. Het zoute water wordt in deze gebieden uit de ondergrond aangevoerd (zoute kwel). Door het steeds te vermengen met voldoende zoet water (door sloten door te spoelen) wordt het opppervlaktewater niet te zout om het ook voor beregening te kunnen gebruiken. Overigens wordt ook water in het hoofdwatersysteem gebruikt om te voorkomen dat de zouttong vanuit zee te ver landinwaarts op rukt en daarmee de inlaatpunten van zoet water bedreigt. Dit wodt bewerkstelligd door een minimaal debiet in het hoofdwatersysteem.
                    Voor deze watervraag is binnen ‘Deltaprogramma zoet water’ bepaald wat de totale hoeveelheid water is die aangevoerd kan worden en wat het uiteindelijke tekort aan zoet water voor dit doeleinde is.  De resultaten kunnen gepresenteerd worden voor 5 deelgebieden waarin Nederland is verdeeld in de sommen die DP Zoetwater heeft laten uitvoeren.
                    (getallen in m3/zomerhalfjaar).</gco:CharacterString>
      </gmd:abstract>
      <gmd:purpose>
        <gco:CharacterString>De kaarten zijn ontwikkeld ten behoeve van de Atlas Natuurlijk Kapitaal (DANK).</gco:CharacterString>
      </gmd:purpose>
      <gmd:status>
        <gmd:MD_ProgressCode codeListValue="completed" codeList="http://standards.iso.org/iso/19139/resources/gmxCodelists.xml#MD_ProgressCode" />
      </gmd:status>
      <gmd:pointOfContact>
        <gmd:CI_ResponsibleParty>
          <gmd:individualName>
            <gco:CharacterString>Otto Levelt-Verkenning en Beleidsanalyse</gco:CharacterString>
          </gmd:individualName>
          <gmd:organisationName>
            <gco:CharacterString>Deltares</gco:CharacterString>
          </gmd:organisationName>
          <gmd:positionName gco:nilReason="missing">
            <gco:CharacterString />
          </gmd:positionName>
          <gmd:contactInfo>
            <gmd:CI_Contact>
              <gmd:phone>
                <gmd:CI_Telephone>
                  <gmd:voice>
                    <gco:CharacterString>088 335 7775</gco:CharacterString>
                  </gmd:voice>
                  <gmd:facsimile gco:nilReason="missing">
                    <gco:CharacterString />
                  </gmd:facsimile>
                </gmd:CI_Telephone>
              </gmd:phone>
              <gmd:address>
                <gmd:CI_Address>
                  <gmd:deliveryPoint>
                    <gco:CharacterString>Princetonlaan 6-8</gco:CharacterString>
                  </gmd:deliveryPoint>
                  <gmd:city>
                    <gco:CharacterString>Utrecht</gco:CharacterString>
                  </gmd:city>
                  <gmd:administrativeArea gco:nilReason="missing">
                    <gco:CharacterString />
                  </gmd:administrativeArea>
                  <gmd:postalCode gco:nilReason="missing">
                    <gco:CharacterString />
                  </gmd:postalCode>
                  <gmd:country gco:nilReason="missing">
                    <gco:CharacterString />
                  </gmd:country>
                  <gmd:electronicMailAddress>
                    <gco:CharacterString>deltaresdata@deltares.nl</gco:CharacterString>
                  </gmd:electronicMailAddress>
                </gmd:CI_Address>
              </gmd:address>
              <gmd:onlineResource>
                <gmd:CI_OnlineResource>
                  <gmd:linkage>
                    <gmd:URL>http://indata.rivm.nl/geonetwork/srv/api/records/ a1a8ea7a-7683-454e-a0c1-b510a6901d01 /attachments/www.deltares.nl</gmd:URL>
                  </gmd:linkage>
                </gmd:CI_OnlineResource>
              </gmd:onlineResource>
            </gmd:CI_Contact>
          </gmd:contactInfo>
          <gmd:role>
            <gmd:CI_RoleCode codeList="http://standards.iso.org/iso/19139/resources/gmxCodelists.xml#CI_RoleCode" codeListValue="pointOfContact" />
          </gmd:role>
        </gmd:CI_ResponsibleParty>
      </gmd:pointOfContact>
      <gmd:resourceMaintenance />
      <gmd:graphicOverview>
        <gmd:MD_BrowseGraphic>
          <gmd:fileName>
            <gco:CharacterString>https://data.rivm.nl/meta/srv/api/records/a1a8ea7a-7683-454e-a0c1-b510a6901d01/attachments/D4f-Gebruik%20en%20behoefte%20aan%20zoetwater%20voor%20diverse%20functies%20-%20Tekort%20voor%20peilbeheer%20in%20gemiddeld%20jaar.png</gco:CharacterString>
          </gmd:fileName>
          <gmd:fileDescription>
            <gco:CharacterString>D4g-Tekort zoetwater - Tekort doorspoeling gemiddeld jaar</gco:CharacterString>
          </gmd:fileDescription>
        </gmd:MD_BrowseGraphic>
      </gmd:graphicOverview>
      <gmd:graphicOverview>
        <gmd:MD_BrowseGraphic>
          <gmd:fileName>
            <gco:CharacterString>https://data.rivm.nl/meta/srv/api/records/a1a8ea7a-7683-454e-a0c1-b510a6901d01/attachments/DANK_004b-doorspoelingsrtekort_gem_jaar_s.png</gco:CharacterString>
          </gmd:fileName>
          <gmd:fileDescription>
            <gco:CharacterString>thumbnail</gco:CharacterString>
          </gmd:fileDescription>
          <gmd:fileType>
            <gco:CharacterString>png</gco:CharacterString>
          </gmd:fileType>
        </gmd:MD_BrowseGraphic>
      </gmd:graphicOverview>
      <gmd:descriptiveKeywords>
        <gmd:MD_Keywords>
          <gmd:keyword>
            <gco:CharacterString>doorspoeling</gco:CharacterString>
          </gmd:keyword>
          <gmd:keyword>
            <gco:CharacterString>Behoefte zoet water</gco:CharacterString>
          </gmd:keyword>
          <gmd:keyword>
            <gco:CharacterString>gebruik zoet water</gco:CharacterString>
          </gmd:keyword>
          <gmd:thesaurusName />
        </gmd:MD_Keywords>
      </gmd:descriptiveKeywords>
      <gmd:resourceConstraints>
        <gmd:MD_Constraints>
          <gmd:useLimitation>
            <gco:CharacterString>Deze kaart is bedoeld voor gebruik in de Atlas Natuurlijk Kapitaal. Gegevens zijn indicatief. Ze zijn daarmee niet geschikt voor wetenschappelijke doeleinden.
                            Deze kaart is onderdeel van de kaart onderdeel van gebruik en behoefte aan zoetwater voor diverse functies. Deze kaart kan dan ook niet los gezien worden van de overige kaarten die hiertoe behoren.</gco:CharacterString>
          </gmd:useLimitation>
        </gmd:MD_Constraints>
      </gmd:resourceConstraints>
      <gmd:resourceConstraints>
        <gmd:MD_LegalConstraints>
          <gmd:accessConstraints>
            <gmd:MD_RestrictionCode codeListValue="otherRestrictions" codeList="http://standards.iso.org/iso/19139/resources/gmxCodelists.xml#MD_RestrictionCode" />
          </gmd:accessConstraints>
          <gmd:otherConstraints>
            <gco:CharacterString>Op de opdracht zijn van toepassing de Algemene Voorwaarden voor opdrachten aan de Stichting Deltares (versie 2013), zoals gedeponeerd bij de griffie van de Rechtbank te ‘s-Gravenhage en de Kamer van Koophandel en Fabrieken voor Haaglanden. Een exemplaar van de Algemene Voorwaarden treft u aan op: http://www.deltares.nl/nl/over-deltares/voorwaarden?highlight=algemene voorwaarden</gco:CharacterString>
          </gmd:otherConstraints>
          <gmd:otherConstraints>
            <gco:CharacterString>http://creativecommons.org/licenses/by/3.0/nl</gco:CharacterString>
          </gmd:otherConstraints>
        </gmd:MD_LegalConstraints>
      </gmd:resourceConstraints>
      <gmd:spatialResolution>
        <gmd:MD_Resolution>
          <gmd:equivalentScale>
            <gmd:MD_RepresentativeFraction>
              <gmd:denominator>
                <gco:Integer>10000000</gco:Integer>
              </gmd:denominator>
            </gmd:MD_RepresentativeFraction>
          </gmd:equivalentScale>
        </gmd:MD_Resolution>
      </gmd:spatialResolution>
      <gmd:language>
        <gmd:LanguageCode codeList="http://www.loc.gov/standards/iso639-2/" codeListValue="dut" />
      </gmd:language>
      <gmd:characterSet>
        <gmd:MD_CharacterSetCode codeListValue="utf8" codeList="http://standards.iso.org/iso/19139/resources/gmxCodelists.xml#MD_CharacterSetCode" />
      </gmd:characterSet>
      <gmd:topicCategory>
        <gmd:MD_TopicCategoryCode>geoscientificInformation</gmd:MD_TopicCategoryCode>
      </gmd:topicCategory>
      <gmd:extent>
        <gmd:EX_Extent>
          <gmd:geographicElement>
            <gmd:EX_GeographicBoundingBox>
              <gmd:westBoundLongitude>
                <gco:Decimal>3.37087</gco:Decimal>
              </gmd:westBoundLongitude>
              <gmd:eastBoundLongitude>
                <gco:Decimal>7.21097</gco:Decimal>
              </gmd:eastBoundLongitude>
              <gmd:southBoundLatitude>
                <gco:Decimal>50.7539</gco:Decimal>
              </gmd:southBoundLatitude>
              <gmd:northBoundLatitude>
                <gco:Decimal>53.4658</gco:Decimal>
              </gmd:northBoundLatitude>
            </gmd:EX_GeographicBoundingBox>
          </gmd:geographicElement>
        </gmd:EX_Extent>
      </gmd:extent>
      <gmd:supplementalInformation>
        <gco:CharacterString>Meer informatie over de achterliggende gegevens is onder andere te vinden in:
                    -	Ter Maat, J., van der Vat, M., Hunnink, J. , Haasnoot, M., Prinsen, G., Visser, M., Bodrie, P., van Ek, R., Maarse, M., van der Sligte, R.,  Verheij, H., Wesselius, H., 2014. Effecten van maatregelen voor de zoetwatervoorziening in Nederland in de 21e eeuw (nog niet gepubliceerd)
                    -	Nationaal Hydrologisch Instrumentarium (NHI): www.nhi.nu</gco:CharacterString>
      </gmd:supplementalInformation>
    </gmd:MD_DataIdentification>
  </gmd:identificationInfo>
  <gmd:distributionInfo>
    <gmd:MD_Distribution>
      <gmd:transferOptions>
        <gmd:MD_DigitalTransferOptions>
          <gmd:unitsOfDistribution gco:nilReason="missing">
            <gco:CharacterString />
          </gmd:unitsOfDistribution>
          <gmd:transferSize gco:nilReason="missing" />
          <gmd:onLine>
            <gmd:CI_OnlineResource>
              <gmd:linkage>
                <gmd:URL>https://data.rivm.nl/meta/srv/api/records/a1a8ea7a-7683-454e-a0c1-b510a6901d01/attachments/DANK004f_Gebruik_Behoefte_zoetWater.zip</gmd:URL>
              </gmd:linkage>
              <gmd:protocol>
                <gco:CharacterString>download</gco:CharacterString>
              </gmd:protocol>
              <gmd:name>
                <gco:CharacterString>DANK004f_Gebruik_Behoefte_zoetWater.zip</gco:CharacterString>
              </gmd:name>
              <gmd:description>
                <gco:CharacterString>DANK004g_Gebruik_Behoefte_zoetWater.zip</gco:CharacterString>
              </gmd:description>
            </gmd:CI_OnlineResource>
          </gmd:onLine>
          <gmd:onLine>
            <gmd:CI_OnlineResource>
              <gmd:linkage>
                <gmd:URL>http://data.rivm.nl/geo/ank/wms?</gmd:URL>
              </gmd:linkage>
              <gmd:protocol>
                <gco:CharacterString>OGC:WMS</gco:CharacterString>
              </gmd:protocol>
              <gmd:name>
                <gco:CharacterString>d4g_tekort_zoetwater_doorspoeling_gemiddeld_jaar</gco:CharacterString>
              </gmd:name>
              <gmd:description>
                <gco:CharacterString>d4g_tekort_zoetwater_doorspoeling_gemiddeld_jaar</gco:CharacterString>
              </gmd:description>
            </gmd:CI_OnlineResource>
          </gmd:onLine>
          <gmd:onLine>
            <gmd:CI_OnlineResource>
              <gmd:linkage>
                <gmd:URL>http://data.rivm.nl/geo/ank/wfs?</gmd:URL>
              </gmd:linkage>
              <gmd:protocol>
                <gco:CharacterString>OGC:WFS</gco:CharacterString>
              </gmd:protocol>
              <gmd:name>
                <gco:CharacterString>d4g_tekort_zoetwater_doorspoeling_gemiddeld_jaar</gco:CharacterString>
              </gmd:name>
              <gmd:description>
                <gco:CharacterString>d4g_tekort_zoetwater_doorspoeling_gemiddeld_jaar</gco:CharacterString>
              </gmd:description>
            </gmd:CI_OnlineResource>
          </gmd:onLine>
          <gmd:offLine>
            <gmd:MD_Medium>
              <gmd:name>
                <gmd:MD_MediumNameCode codeListValue="" codeList="http://standards.iso.org/iso/19139/resources/gmxCodelists.xml#MD_MediumNameCode" />
              </gmd:name>
            </gmd:MD_Medium>
          </gmd:offLine>
        </gmd:MD_DigitalTransferOptions>
      </gmd:transferOptions>
    </gmd:MD_Distribution>
  </gmd:distributionInfo>
  <gmd:dataQualityInfo>
    <gmd:DQ_DataQuality>
      <gmd:scope>
        <gmd:DQ_Scope>
          <gmd:level>
            <gmd:MD_ScopeCode codeListValue="dataset" codeList="http://standards.iso.org/iso/19139/resources/gmxCodelists.xml#MD_ScopeCode" />
          </gmd:level>
        </gmd:DQ_Scope>
      </gmd:scope>
      <gmd:lineage>
        <gmd:LI_Lineage>
          <gmd:statement>
            <gco:CharacterString>De watervraag is gebaseerd op modelberekeningen met Nationaal Hydrologisch Instrumentarium (NHI) zoals uitgevoerd in het kader van Deltaprogramma Zoet Water.
                            De kaart geeft een beeld van de tekorten gedurende het zomerhalfjaar.</gco:CharacterString>
          </gmd:statement>
        </gmd:LI_Lineage>
      </gmd:lineage>
    </gmd:DQ_DataQuality>
  </gmd:dataQualityInfo>
</gmd:MD_Metadata>