<?xml version="1.0" encoding="UTF-8"?>
<gmd:MD_Metadata xmlns:gmd="http://www.isotc211.org/2005/gmd" xmlns:gco="http://www.isotc211.org/2005/gco" xmlns:xlink="http://www.w3.org/1999/xlink" xmlns:xsi="http://www.w3.org/2001/XMLSchema-instance" xmlns:gml="http://www.opengis.net/gml" xmlns:gts="http://www.isotc211.org/2005/gts" xmlns:geonet="http://www.fao.org/geonetwork" xsi:schemaLocation="http://www.isotc211.org/2005/gmd http://schemas.opengis.net/iso/19139/20060504/gmd/gmd.xsd">
  <gmd:fileIdentifier>
    <gco:CharacterString>b7d2fd24-8cd8-4965-a997-69eb1a987b5a</gco:CharacterString>
  </gmd:fileIdentifier>
  <gmd:language>
    <gmd:LanguageCode codeList="http://www.loc.gov/standards/iso639-2/" codeListValue="dut" />
  </gmd:language>
  <gmd:hierarchyLevel>
    <gmd:MD_ScopeCode codeList="http://standards.iso.org/ittf/PubliclyAvailableStandards/ISO_19139_Schemas/resources/codelist/ML_gmxCodelists.xml#MD_ScopeCode" codeListValue="dataset" />
  </gmd:hierarchyLevel>
  <gmd:contact>
    <gmd:CI_ResponsibleParty>
      <gmd:organisationName>
        <gco:CharacterString>Atlas Leefomgeving</gco:CharacterString>
      </gmd:organisationName>
      <gmd:contactInfo>
        <gmd:CI_Contact>
          <gmd:address>
            <gmd:CI_Address>
              <gmd:electronicMailAddress>
                <gco:CharacterString>atlasleefomgeving@rivm.nl</gco:CharacterString>
              </gmd:electronicMailAddress>
            </gmd:CI_Address>
          </gmd:address>
        </gmd:CI_Contact>
      </gmd:contactInfo>
      <gmd:role>
        <gmd:CI_RoleCode codeList="http://standards.iso.org/ittf/PubliclyAvailableStandards/ISO_19139_Schemas/resources/codelist/ML_gmxCodelists.xml#CI_RoleCode" codeListValue="resourceProvider" />
      </gmd:role>
    </gmd:CI_ResponsibleParty>
  </gmd:contact>
  <gmd:dateStamp>
    <gco:Date>2019-04-16</gco:Date>
  </gmd:dateStamp>
  <gmd:metadataStandardName>
    <gco:CharacterString>ISO 19115</gco:CharacterString>
  </gmd:metadataStandardName>
  <gmd:metadataStandardVersion>
    <gco:CharacterString>Nederlands metadata profiel op ISO 19115 voor geografie 1.3.1</gco:CharacterString>
  </gmd:metadataStandardVersion>
  <gmd:referenceSystemInfo>
    <gmd:MD_ReferenceSystem>
      <gmd:referenceSystemIdentifier>
        <gmd:RS_Identifier>
          <gmd:code>
            <gco:CharacterString>28992</gco:CharacterString>
          </gmd:code>
          <gmd:codeSpace>
            <gco:CharacterString>EPSG</gco:CharacterString>
          </gmd:codeSpace>
        </gmd:RS_Identifier>
      </gmd:referenceSystemIdentifier>
    </gmd:MD_ReferenceSystem>
  </gmd:referenceSystemInfo>
  <gmd:identificationInfo>
    <gmd:MD_DataIdentification>
      <gmd:citation>
        <gmd:CI_Citation>
          <gmd:title>
            <gco:CharacterString>Zonpotentie velden</gco:CharacterString>
          </gmd:title>
          <gmd:date>
            <gmd:CI_Date>
              <gmd:date>
                <gco:Date>2016-10-11</gco:Date>
              </gmd:date>
              <gmd:dateType>
                <gmd:CI_DateTypeCode codeListValue="publication" codeList="http://standards.iso.org/ittf/PubliclyAvailableStandards/ISO_19139_Schemas/resources/codelist/ML_gmxCodelists.xml#CI_DateTypeCode" />
              </gmd:dateType>
            </gmd:CI_Date>
          </gmd:date>
          <gmd:identifier>
            <gmd:MD_Identifier>
              <gmd:code>
                <gco:CharacterString>89d0ff9e-0cf3-4cc0-affc-d43ae2c42e0c</gco:CharacterString>
              </gmd:code>
            </gmd:MD_Identifier>
          </gmd:identifier>
        </gmd:CI_Citation>
      </gmd:citation>
      <gmd:abstract>
        <gco:CharacterString>In deze kaartlaag zijn denkbare locaties voor zonnepanelen in veldopstelling aangegeven. Het gaat hier om kleine terreinen (tussen 0,5 en 1,0 hectare), middelgrote terreinen (tussen 1,0 en 3,0 hectare) en grote terreinen (3,0 hectare en groter). Te zien zijn gras- en akkerlanden buiten de bebouwing, exclusief gebieden die tot Natura2000 behoren.

Voor iedere locatie is aangegeven wat het plaatsbare schaduwvrije zon-PV-vermogen is, uitgaande van schaduwvrije velden en 0,65 MWp vermogen per hectare grond.

Tevens is de verwachte jaarlijkse kWh-opbrengst aangeduid (900 kWh/kWp), evenals het aantal huishoudens dat van groene stroom kan worden voorzien met deze opbrengst (3.300 kWh/huishouden).
De selectie van locaties is expliciet niet gemaakt op basis van politieke voorkeuren of richtlijnen van gemeenten dan wel provincies, bijvoorbeeld met betrekking tot de (on)wenselijkheid van zonnevelden op landbouwgronden.

Toekomstige uitbreiding (1)
Gewerkt wordt aan een weergave van de kaartlaag met daarin relevante netdata verwerkt. Concreet gaat dit dan om de afstanden van denkbare locaties tot aan het middenspanningsnet of het dichtstbijzijnde onder-, regel- of schakelstation.

Toekomstige uitbreiding (2)
Tevens wordt gewerkt aan weergave van de kaartlaag met daarin zoninstralingsdata op de denkbare locaties voor zonnepanelen in veldopstelling. Hiermee wordt het schaduweffect van objecten op en rond het terrein inzichtelijk gemaakt.</gco:CharacterString>
      </gmd:abstract>
      <gmd:status>
        <gmd:MD_ProgressCode codeListValue="completed" codeList="http://standards.iso.org/ittf/PubliclyAvailableStandards/ISO_19139_Schemas/resources/codelist/ML_gmxCodelists.xml#MD_ProgressCode" />
      </gmd:status>
      <gmd:pointOfContact>
        <gmd:CI_ResponsibleParty>
          <gmd:organisationName>
            <gco:CharacterString>Atlas leefomgeving</gco:CharacterString>
          </gmd:organisationName>
          <gmd:contactInfo>
            <gmd:CI_Contact>
              <gmd:address>
                <gmd:CI_Address>
                  <gmd:electronicMailAddress>
                    <gco:CharacterString>atlasleefomgeving@rivm.nl</gco:CharacterString>
                  </gmd:electronicMailAddress>
                </gmd:CI_Address>
              </gmd:address>
            </gmd:CI_Contact>
          </gmd:contactInfo>
          <gmd:role>
            <gmd:CI_RoleCode codeList="http://standards.iso.org/ittf/PubliclyAvailableStandards/ISO_19139_Schemas/resources/codelist/ML_gmxCodelists.xml#CI_RoleCode" codeListValue="custodian" />
          </gmd:role>
        </gmd:CI_ResponsibleParty>
      </gmd:pointOfContact>
      <gmd:graphicOverview>
        <gmd:MD_BrowseGraphic>
          <gmd:fileName gco:nilReason="missing">
            <gco:CharacterString />
          </gmd:fileName>
        </gmd:MD_BrowseGraphic>
      </gmd:graphicOverview>
      <gmd:descriptiveKeywords>
        <gmd:MD_Keywords>
          <gmd:keyword>
            <gco:CharacterString>zonnepanelen</gco:CharacterString>
          </gmd:keyword>
          <gmd:keyword>
            <gco:CharacterString>energie</gco:CharacterString>
          </gmd:keyword>
          <gmd:thesaurusName>
            <gmd:CI_Citation>
              <gmd:title gco:nilReason="missing">
                <gco:CharacterString />
              </gmd:title>
              <gmd:alternateTitle gco:nilReason="missing">
                <gco:CharacterString />
              </gmd:alternateTitle>
              <gmd:date>
                <gmd:CI_Date>
                  <gmd:date>
                    <gco:Date xsi:nil="true" />
                  </gmd:date>
                  <gmd:dateType>
                    <gmd:CI_DateTypeCode codeList="http://standards.iso.org/ittf/PubliclyAvailableStandards/ISO_19139_Schemas/resources/Codelist/ML_gmxCodelists.xml#CI_DateTypeCode" codeListValue="" />
                  </gmd:dateType>
                </gmd:CI_Date>
              </gmd:date>
            </gmd:CI_Citation>
          </gmd:thesaurusName>
        </gmd:MD_Keywords>
      </gmd:descriptiveKeywords>
      <gmd:resourceConstraints>
        <gmd:MD_Constraints>
          <gmd:useLimitation>
            <gco:CharacterString>geen beperkingen</gco:CharacterString>
          </gmd:useLimitation>
        </gmd:MD_Constraints>
      </gmd:resourceConstraints>
      <gmd:resourceConstraints>
        <gmd:MD_LegalConstraints>
          <gmd:accessConstraints>
            <gmd:MD_RestrictionCode codeList="http://standards.iso.org/ittf/PubliclyAvailableStandards/ISO_19139_Schemas/resources/codelist/ML_gmxCodelists.xml#MD_RestrictionCode" codeListValue="otherRestrictions" />
          </gmd:accessConstraints>
          <gmd:otherConstraints>
            <gco:CharacterString>geen beperkingen</gco:CharacterString>
          </gmd:otherConstraints>
          <gmd:otherConstraints>
            <gco:CharacterString>http://creativecommons.org/publicdomain/mark/1.0/deed.nl</gco:CharacterString>
          </gmd:otherConstraints>
        </gmd:MD_LegalConstraints>
      </gmd:resourceConstraints>
      <gmd:spatialResolution>
        <gmd:MD_Resolution>
          <gmd:equivalentScale>
            <gmd:MD_RepresentativeFraction>
              <gmd:denominator>
                <gco:Integer>1000</gco:Integer>
              </gmd:denominator>
            </gmd:MD_RepresentativeFraction>
          </gmd:equivalentScale>
        </gmd:MD_Resolution>
      </gmd:spatialResolution>
      <gmd:language>
        <gmd:LanguageCode codeList="http://www.loc.gov/standards/iso639-2/" codeListValue="dut" />
      </gmd:language>
      <gmd:topicCategory>
        <gmd:MD_TopicCategoryCode>environment</gmd:MD_TopicCategoryCode>
      </gmd:topicCategory>
      <gmd:extent>
        <gmd:EX_Extent>
          <gmd:geographicElement>
            <gmd:EX_GeographicBoundingBox>
              <gmd:westBoundLongitude>
                <gco:Decimal>3.37087</gco:Decimal>
              </gmd:westBoundLongitude>
              <gmd:eastBoundLongitude>
                <gco:Decimal>7.21097</gco:Decimal>
              </gmd:eastBoundLongitude>
              <gmd:southBoundLatitude>
                <gco:Decimal>50.7539</gco:Decimal>
              </gmd:southBoundLatitude>
              <gmd:northBoundLatitude>
                <gco:Decimal>53.4658</gco:Decimal>
              </gmd:northBoundLatitude>
            </gmd:EX_GeographicBoundingBox>
          </gmd:geographicElement>
        </gmd:EX_Extent>
      </gmd:extent>
    </gmd:MD_DataIdentification>
  </gmd:identificationInfo>
  <gmd:distributionInfo>
    <gmd:MD_Distribution>
      <gmd:transferOptions>
        <gmd:MD_DigitalTransferOptions>
          <gmd:onLine>
            <gmd:CI_OnlineResource>
              <gmd:linkage>
                <gmd:URL>http://geodata.rivm.nl/geoserver/nea/wms?</gmd:URL>
              </gmd:linkage>
              <gmd:protocol>
                <gco:CharacterString>OGC:WMS</gco:CharacterString>
              </gmd:protocol>
              <gmd:name>
                <gco:CharacterString>Greenspread_20181101_v_zonnevelden</gco:CharacterString>
              </gmd:name>
              <gmd:description>
                <gco:CharacterString>rvo zonnevelden</gco:CharacterString>
              </gmd:description>
            </gmd:CI_OnlineResource>
          </gmd:onLine>
          <gmd:onLine>
            <gmd:CI_OnlineResource>
              <gmd:linkage>
                <gmd:URL>http://geodata.rivm.nl/geoserver/nea/wms?</gmd:URL>
              </gmd:linkage>
              <gmd:protocol>
                <gco:CharacterString>OGC:WFS</gco:CharacterString>
              </gmd:protocol>
              <gmd:name>
                <gco:CharacterString>Greenspread_20181101_v_zonnevelden</gco:CharacterString>
              </gmd:name>
              <gmd:description>
                <gco:CharacterString>rvo zonnevelden</gco:CharacterString>
              </gmd:description>
            </gmd:CI_OnlineResource>
          </gmd:onLine>
        </gmd:MD_DigitalTransferOptions>
      </gmd:transferOptions>
    </gmd:MD_Distribution>
  </gmd:distributionInfo>
  <gmd:dataQualityInfo>
    <gmd:DQ_DataQuality>
      <gmd:scope>
        <gmd:DQ_Scope>
          <gmd:level>
            <gmd:MD_ScopeCode codeListValue="dataset" codeList="http://standards.iso.org/ittf/PubliclyAvailableStandards/ISO_19139_Schemas/resources/codelist/ML_gmxCodelists.xml#MD_ScopeCode" />
          </gmd:level>
        </gmd:DQ_Scope>
      </gmd:scope>
      <gmd:lineage>
        <gmd:LI_Lineage>
          <gmd:statement>
            <gco:CharacterString>Zonnepanelen in veldopstelling zijn sinds enige jaren in opkomst in Nederland. Tot voor kort werden zonnepanelen in ons land alleen “achter de meter” van bestaande elektriciteitsaansluitingen geplaatst (lees: op een dak), omdat alleen dergelijke investering voldoende rendabel waren gezien de vermeden energiebelasting en de vermeden variabele transportkosten.
Sinds 2014 bestaan met de Regeling Verlaagd Tarief (beter bekend als de postcoderoosregeling) en de al wat oudere SDE+ twee exploitatievarianten waarmee zonnepanelen “voor de meter” voldoende financieel rendement kunnen opleveren gedurende een 25-jarige exploitatie.

In de praktijk kan worden gedacht aan zonnepanelen in de openbare ruimte (bijvoorbeeld verwerkt in geluidsschermen of als overkapping van parkeerterreinen), aan panelen op het water en tevens aan panelen in veldopstelling. De verdeling van ruimtelijke kansen voor de laatstgenoemde categorie is inzichtelijk gemaakt. Om te komen tot de selectie van (on)geschikte locaties, zijn onderstaande criteria gehanteerd.

1. Geschikte locaties voor zonnevelden zijn gras- dan wel akkerlanden. Gronden moeten de mogelijkheid bieden tot plaatsing van zonnepanelen in de vrije ruimte met voldoende zoninstraling.

2.
Geschikte locaties voor zonnevelden zijn aaneengesloten terreinen met een oppervlakte van 0,5-1,0 hectare, (categorie: klein) 1,0-3,0 hectare (categorie: middelgroot) of &gt; 3,0 hectare (categorie groot).
Zonnevelden kunnen ontwikkeld worden als de grond daar voldoende groot voor is. Afhankelijk van de omvang en het te plaatsen vermogen zijn bepaalde andere ruimtelijke factoren relevant (zie criteria 6 en 7). 

3. Zonnevelden worden bij voorkeur niet gerealiseerd in gebieden met de status Natura-2000. Plaatsing van zonneparken in Natura-2000-gebieden is niet onmogelijk, maar minder kansrijk dan op andere locaties die nog resteren als potentieel areaal. Reden is opnieuw de kans op het verkrijgen van de omgevingsvergunning.

4.
Zonnevelden uit de categorie ‘middelgroot’ zijn kansrijker naarmate de afstand tot het dichtstbijzijnde 10-kV-middenspanningsnet klein is.
Zonnevelden op een ‘middelgroot’ areaal kunnen op het MS-net worden aangesloten. Bij een lange afstand tot dit net lopen de aansluitkosten fors op, wat rendabele exploitatie snel verhindert. 

5. Zonnevelden uit de categorie ‘groot’ zijn kansrijker naarmate de afstand tot het dichtstbijzijnde onder-, regel- of schakelstation van de regionale netbeheerders klein is. Voor zonnevelden met een benodigde aansluitwaarde van 2 MVA of meer (&gt; 3 hectare) is een verbinding met het meest nabijgelegen onder-, regel- of schakelstation noodzakelijk. Bij een lange afstand tot dergelijke stations lopen de aansluitkosten fors op, wat rendabele exploitatie snel verhindert.

Aan de locaties die in de kaart als kansrijk zijn betiteld, is een gekwantificeerde potentie gekoppeld (vermogen, kWh-opbrengst en aantal huishoudens). Uitgangspunten daarbij zijn een potentieel plaatsbaar vermogen van 0,65 MW zon-PV per hectare (zie de figuur hieronder), 900 kWh opbrengst per jaar per kWp geïnstalleerd vermogen en 3.300 kWh per jaar als verbruik van een gemiddeld Nederlands huishouden.</gco:CharacterString>
          </gmd:statement>
        </gmd:LI_Lineage>
      </gmd:lineage>
    </gmd:DQ_DataQuality>
  </gmd:dataQualityInfo>
</gmd:MD_Metadata>