<?xml version="1.0" encoding="UTF-8"?>
<gmd:MD_Metadata xmlns:gmd="http://www.isotc211.org/2005/gmd" xmlns:xsi="http://www.w3.org/2001/XMLSchema-instance" xmlns:gco="http://www.isotc211.org/2005/gco" xmlns:srv="http://www.isotc211.org/2005/srv" xmlns:gmx="http://www.isotc211.org/2005/gmx" xmlns:gts="http://www.isotc211.org/2005/gts" xmlns:gsr="http://www.isotc211.org/2005/gsr" xmlns:gmi="http://www.isotc211.org/2005/gmi" xmlns:gml="http://www.opengis.net/gml" xmlns:xlink="http://www.w3.org/1999/xlink" xmlns:geonet="http://www.fao.org/geonetwork" xsi:schemaLocation="http://www.isotc211.org/2005/gmd http://schemas.opengis.net/iso/19139/20060504/gmd/gmd.xsd">
  <gmd:fileIdentifier>
    <gco:CharacterString>7b9ffe10-7072-49fc-95e5-53ca8772a4c1</gco:CharacterString>
  </gmd:fileIdentifier>
  <gmd:language>
    <gmd:LanguageCode codeList="http://www.loc.gov/standards/iso639-2/" codeListValue="dut" />
  </gmd:language>
  <gmd:characterSet>
    <gmd:MD_CharacterSetCode codeListValue="utf8" codeList="http://standards.iso.org/iso/19139/resources/gmxCodelists.xml#MD_CharacterSetCode" />
  </gmd:characterSet>
  <gmd:hierarchyLevel>
    <gmd:MD_ScopeCode codeListValue="dataset" codeList="http://standards.iso.org/iso/19139/resources/gmxCodelists.xml#MD_ScopeCode" />
  </gmd:hierarchyLevel>
  <gmd:contact>
    <gmd:CI_ResponsibleParty>
      <gmd:individualName gco:nilReason="missing">
        <gco:CharacterString />
      </gmd:individualName>
      <gmd:organisationName>
        <gco:CharacterString>Atlas Natuurlijk Kapitaal</gco:CharacterString>
      </gmd:organisationName>
      <gmd:positionName gco:nilReason="missing">
        <gco:CharacterString />
      </gmd:positionName>
      <gmd:contactInfo>
        <gmd:CI_Contact>
          <gmd:phone>
            <gmd:CI_Telephone>
              <gmd:voice gco:nilReason="missing">
                <gco:CharacterString />
              </gmd:voice>
              <gmd:facsimile gco:nilReason="missing">
                <gco:CharacterString />
              </gmd:facsimile>
            </gmd:CI_Telephone>
          </gmd:phone>
          <gmd:address>
            <gmd:CI_Address>
              <gmd:deliveryPoint gco:nilReason="missing">
                <gco:CharacterString />
              </gmd:deliveryPoint>
              <gmd:city gco:nilReason="missing">
                <gco:CharacterString />
              </gmd:city>
              <gmd:administrativeArea gco:nilReason="missing">
                <gco:CharacterString />
              </gmd:administrativeArea>
              <gmd:postalCode gco:nilReason="missing">
                <gco:CharacterString />
              </gmd:postalCode>
              <gmd:country gco:nilReason="missing">
                <gco:CharacterString />
              </gmd:country>
              <gmd:electronicMailAddress>
                <gco:CharacterString>atlasnatuurlijkkapitaal@rivm.nl</gco:CharacterString>
              </gmd:electronicMailAddress>
            </gmd:CI_Address>
          </gmd:address>
          <gmd:onlineResource>
            <gmd:CI_OnlineResource>
              <gmd:linkage>
                <gmd:URL>www.atlasnatuurlijkkapitaal.nl</gmd:URL>
              </gmd:linkage>
            </gmd:CI_OnlineResource>
          </gmd:onlineResource>
        </gmd:CI_Contact>
      </gmd:contactInfo>
      <gmd:role>
        <gmd:CI_RoleCode codeList="http://standards.iso.org/iso/19139/resources/gmxCodelists.xml#CI_RoleCode" codeListValue="pointOfContact" />
      </gmd:role>
    </gmd:CI_ResponsibleParty>
  </gmd:contact>
  <gmd:dateStamp>
    <gco:Date>2021-12-20</gco:Date>
  </gmd:dateStamp>
  <gmd:metadataStandardName>
    <gco:CharacterString>ISO 19115</gco:CharacterString>
  </gmd:metadataStandardName>
  <gmd:metadataStandardVersion>
    <gco:CharacterString>Nederlands metadata profiel op ISO 19115 voor geografie 1.3</gco:CharacterString>
  </gmd:metadataStandardVersion>
  <gmd:referenceSystemInfo>
    <gmd:MD_ReferenceSystem>
      <gmd:referenceSystemIdentifier>
        <gmd:RS_Identifier>
          <gmd:code>
            <gco:CharacterString>28992</gco:CharacterString>
          </gmd:code>
          <gmd:codeSpace>
            <gco:CharacterString>EPSG</gco:CharacterString>
          </gmd:codeSpace>
        </gmd:RS_Identifier>
      </gmd:referenceSystemIdentifier>
    </gmd:MD_ReferenceSystem>
  </gmd:referenceSystemInfo>
  <gmd:identificationInfo>
    <gmd:MD_DataIdentification>
      <gmd:citation>
        <gmd:CI_Citation>
          <gmd:title>
            <gco:CharacterString>Water voor aquatische natuur</gco:CharacterString>
          </gmd:title>
          <gmd:alternateTitle>
            <gco:CharacterString>Natuurwaarde van natte en vochtige ecosystemen</gco:CharacterString>
          </gmd:alternateTitle>
          <gmd:date>
            <gmd:CI_Date>
              <gmd:date>
                <gco:Date>2014-11-05</gco:Date>
              </gmd:date>
              <gmd:dateType>
                <gmd:CI_DateTypeCode codeListValue="creation" codeList="http://standards.iso.org/iso/19139/resources/gmxCodelists.xml#CI_DateTypeCode" />
              </gmd:dateType>
            </gmd:CI_Date>
          </gmd:date>
          <gmd:identifier>
            <gmd:MD_Identifier>
              <gmd:code>
                <gco:CharacterString>Deltares-1208234-DANK-002</gco:CharacterString>
              </gmd:code>
            </gmd:MD_Identifier>
          </gmd:identifier>
        </gmd:CI_Citation>
      </gmd:citation>
      <gmd:abstract>
        <gco:CharacterString>De kaart toont de natuurwaarde van natte en vochtige ecosystemen in Nederland. De kaart is gebaseerd op waargenomen plantensoorten (per km2) uit de database van Stichting Floron (Florbase-2N), gecombineerd met een natuurwaarde berekening met het model DEMNAT (Deltares) op basis van de mate van ontwikkeling. Gebieden met een hoge natuurwaarde zijn afhankelijk van de beschikbaarheid van water van een goede kwaliteit om de ontwikkeling zeldzame soorten mogelijk te maken. Deze kaart is daarmee een indicatie van gebieden waar water van goede kwaliteit beschikbaar is voor aquatische en terrestrische natuur.

                    In Nederland zijn grofweg vijf typen natuur te onderscheiden:
                    1.	Hoge zandgronden met bossen en droge heide
                    2.	Natte natuur met hoge waterpeilen zoals het IJsselmeer, de weerribben en oppervlaktewater- gevoede veenplassen.
                    3.	Kwelafhankelijke natuur die veelal in beekdalen te vinden is.
                    4.	Overstromende natuur, zoals de uiterwaarden in het rivierengebied.
                    5.	Duinen en stranden

                    Aquatische natuur bevindt zich in type 2 en 3.

                    Kwelafhankelijke natuur is gebonden aan hoge grondwaterstanden en grondwater met een specifieke chemische samenstelling (basen rijk en niet verontreinigd). De kwelafhankelijke natuurgebieden zijn voornamelijk te vinden in beekdalen, maar ook in andere gebieden waar sprake is van een kwelsituatie, zoals langs de Hondsrug, de Utrechtse Heuvelrug en de Veluwe waar de natuur wordt  beïnvloed door het grondwater.
                    Andere systemen die sterk afhankelijk zijn van de grondwatersituatie zijn hoogvenen en vennen. Ook in de duinengebieden is de natuur vaak afhankelijk van specifieke beïnvloeding door grondwater. In veel kwelafhankelijke natuur is sprake van verdroging en verzuring door te lage grondwaterstanden in omliggend gebied (door drainage) of door grondwateronttrekkingen (Aggenbach, 2005, Witte et al. 2007).

                    Ook kan in aquatische ecosystemen sprake zijn van verdroging wanneer te veel water wegzijgt, naar omringend gedraineerd gebied met lagere waterpeilen. Om dit te compenseren wordt gebiedsvreemd water ingelaten, dat vaak niet de gewenste kwaliteit heeft. Zowel in aquatische als terrestrische ecosystemen is vaak sprake van vermesting door te voedselrijk grondwater of oppervlaktewater. Al deze knelpunten leiden tot afname van de biodiversiteit (Aggenbach, 2005, Witte et al. 2007).

                    Meerdere ecosysteemdiensten maken gebruik van dezelfde watervoorraad. Voor aquatische natuur (rivieren, beken, sloten en kreken) is het van belang dat voldoende water van goede kwaliteit aanwezig is. Beschikbare grondwatervoorraden spelen hierin een cruciale rol, niet alleen voor de levering van voldoende water, maar ook van de juiste kwaliteit. De capaciteit van deze voorraden neemt af door gebruik voor andere ecosysteemdiensten, zoals onttrekkingen voor irrigatie en drinkwater (figuur 1). Ook andere ontwikkelingen die ingrijpen op de grondwaterstanden en stijghoogten, zoals (toename van) drainage in landbouwgebieden, kunnen van grote beperkende invloed zijn op kwelafhankelijke natuur.</gco:CharacterString>
      </gmd:abstract>
      <gmd:purpose>
        <gco:CharacterString>Deze kaart is ontwikkeld ten behoeve van de Digitale Atlas Natuurlijk Kapitaal (DANK).

                    Deze kaart toont ons waargenomen natuurlijk kapitaal in de vorm van natte en vochtige natuurgebieden, zowel binnen als buiten de beleidsmatig aangeduide natuurgebieden. Gebieden met hoge natuurwaarde worden gekenmerkt door goede ontwikkeling van zeldzame natuurtypen. Deze zijn afhankelijk van de beschikbaarheid van water van goede kwaliteit welke zorgt voor zure of basische condities.</gco:CharacterString>
      </gmd:purpose>
      <gmd:status>
        <gmd:MD_ProgressCode codeListValue="completed" codeList="http://standards.iso.org/iso/19139/resources/gmxCodelists.xml#MD_ProgressCode" />
      </gmd:status>
      <gmd:pointOfContact>
        <gmd:CI_ResponsibleParty>
          <gmd:individualName>
            <gco:CharacterString>Marijn Kuijper - Bodem- en Grondwatersystemen</gco:CharacterString>
          </gmd:individualName>
          <gmd:organisationName>
            <gco:CharacterString>Deltares</gco:CharacterString>
          </gmd:organisationName>
          <gmd:positionName gco:nilReason="missing">
            <gco:CharacterString />
          </gmd:positionName>
          <gmd:contactInfo>
            <gmd:CI_Contact>
              <gmd:phone>
                <gmd:CI_Telephone>
                  <gmd:voice>
                    <gco:CharacterString>088 335 7775</gco:CharacterString>
                  </gmd:voice>
                  <gmd:facsimile gco:nilReason="missing">
                    <gco:CharacterString />
                  </gmd:facsimile>
                </gmd:CI_Telephone>
              </gmd:phone>
              <gmd:address>
                <gmd:CI_Address>
                  <gmd:deliveryPoint>
                    <gco:CharacterString>Princetonlaan 6-8</gco:CharacterString>
                  </gmd:deliveryPoint>
                  <gmd:city>
                    <gco:CharacterString>Utrecht</gco:CharacterString>
                  </gmd:city>
                  <gmd:administrativeArea gco:nilReason="missing">
                    <gco:CharacterString />
                  </gmd:administrativeArea>
                  <gmd:postalCode gco:nilReason="missing">
                    <gco:CharacterString />
                  </gmd:postalCode>
                  <gmd:country gco:nilReason="missing">
                    <gco:CharacterString />
                  </gmd:country>
                  <gmd:electronicMailAddress>
                    <gco:CharacterString>Servicedesk-Data@deltares.nl</gco:CharacterString>
                  </gmd:electronicMailAddress>
                </gmd:CI_Address>
              </gmd:address>
              <gmd:onlineResource>
                <gmd:CI_OnlineResource>
                  <gmd:linkage>
                    <gmd:URL>http://indata.rivm.nl/geonetwork/srv/api/records/ 7b9ffe10-7072-49fc-95e5-53ca8772a4c1 /attachments/www.deltares.nl</gmd:URL>
                  </gmd:linkage>
                </gmd:CI_OnlineResource>
              </gmd:onlineResource>
            </gmd:CI_Contact>
          </gmd:contactInfo>
          <gmd:role>
            <gmd:CI_RoleCode codeList="http://standards.iso.org/iso/19139/resources/gmxCodelists.xml#CI_RoleCode" codeListValue="pointOfContact" />
          </gmd:role>
        </gmd:CI_ResponsibleParty>
      </gmd:pointOfContact>
      <gmd:resourceMaintenance />
      <gmd:graphicOverview>
        <gmd:MD_BrowseGraphic>
          <gmd:fileName>
            <gco:CharacterString>https://data.rivm.nl/meta/srv/api/records/7b9ffe10-7072-49fc-95e5-53ca8772a4c1/attachments/DANK002_aquatische_natuur.png</gco:CharacterString>
          </gmd:fileName>
          <gmd:fileDescription>
            <gco:CharacterString>DANK002_aquatische_natuur.png</gco:CharacterString>
          </gmd:fileDescription>
        </gmd:MD_BrowseGraphic>
      </gmd:graphicOverview>
      <gmd:graphicOverview>
        <gmd:MD_BrowseGraphic>
          <gmd:fileName>
            <gco:CharacterString>https://data.rivm.nl/meta/srv/api/records/7b9ffe10-7072-49fc-95e5-53ca8772a4c1/attachments/DANK_02_AquatischeNatuur_s.png</gco:CharacterString>
          </gmd:fileName>
          <gmd:fileDescription>
            <gco:CharacterString>thumbnail</gco:CharacterString>
          </gmd:fileDescription>
          <gmd:fileType>
            <gco:CharacterString>png</gco:CharacterString>
          </gmd:fileType>
        </gmd:MD_BrowseGraphic>
      </gmd:graphicOverview>
      <gmd:descriptiveKeywords>
        <gmd:MD_Keywords>
          <gmd:keyword>
            <gco:CharacterString>grondwater</gco:CharacterString>
          </gmd:keyword>
          <gmd:keyword>
            <gco:CharacterString>beregening</gco:CharacterString>
          </gmd:keyword>
          <gmd:keyword>
            <gco:CharacterString>landbouw</gco:CharacterString>
          </gmd:keyword>
          <gmd:keyword>
            <gco:CharacterString>watervoorziening</gco:CharacterString>
          </gmd:keyword>
          <gmd:keyword gco:nilReason="missing">
            <gco:CharacterString />
          </gmd:keyword>
        </gmd:MD_Keywords>
      </gmd:descriptiveKeywords>
      <gmd:resourceConstraints>
        <gmd:MD_Constraints>
          <gmd:useLimitation>
            <gco:CharacterString>Deze kaart is bedoeld voor gebruik in de Atlas Natuurlijk Kapitaal.
                            Gegevens zijn indicatief: ze zijn gebaseerd op modelberekening. Ze zijn daarmee niet geschikt voor wetenschappelijke doeleinden.</gco:CharacterString>
          </gmd:useLimitation>
        </gmd:MD_Constraints>
      </gmd:resourceConstraints>
      <gmd:resourceConstraints>
        <gmd:MD_LegalConstraints>
          <gmd:accessConstraints>
            <gmd:MD_RestrictionCode codeListValue="otherRestrictions" codeList="http://standards.iso.org/iso/19139/resources/gmxCodelists.xml#MD_RestrictionCode" />
          </gmd:accessConstraints>
          <gmd:otherConstraints>
            <gco:CharacterString>Op de opdracht zijn van toepassing de Algemene Voorwaarden voor opdrachten aan de Stichting Deltares (versie 2013), zoals gedeponeerd bij de griffie van de Rechtbank te ‘s-Gravenhage en de Kamer van Koophandel en Fabrieken voor Haaglanden. Een exemplaar van de Algemene Voorwaarden treft u aan op: http://www.deltares.nl/nl/over-deltares/voorwaarden?highlight=algemene voorwaarden</gco:CharacterString>
          </gmd:otherConstraints>
          <gmd:otherConstraints>
            <gco:CharacterString>http://creativecommons.org/licenses/by/3.0/nl</gco:CharacterString>
          </gmd:otherConstraints>
        </gmd:MD_LegalConstraints>
      </gmd:resourceConstraints>
      <gmd:spatialResolution>
        <gmd:MD_Resolution>
          <gmd:equivalentScale>
            <gmd:MD_RepresentativeFraction>
              <gmd:denominator>
                <gco:Integer>250000</gco:Integer>
              </gmd:denominator>
            </gmd:MD_RepresentativeFraction>
          </gmd:equivalentScale>
        </gmd:MD_Resolution>
      </gmd:spatialResolution>
      <gmd:language>
        <gmd:LanguageCode codeList="http://www.loc.gov/standards/iso639-2/" codeListValue="dut" />
      </gmd:language>
      <gmd:characterSet>
        <gmd:MD_CharacterSetCode codeListValue="utf8" codeList="http://standards.iso.org/iso/19139/resources/gmxCodelists.xml#MD_CharacterSetCode" />
      </gmd:characterSet>
      <gmd:topicCategory>
        <gmd:MD_TopicCategoryCode>geoscientificInformation</gmd:MD_TopicCategoryCode>
      </gmd:topicCategory>
      <gmd:extent>
        <gmd:EX_Extent>
          <gmd:description>
            <gco:CharacterString>Nederland</gco:CharacterString>
          </gmd:description>
          <gmd:geographicElement>
            <gmd:EX_GeographicBoundingBox>
              <gmd:westBoundLongitude>
                <gco:Decimal>3.37087</gco:Decimal>
              </gmd:westBoundLongitude>
              <gmd:eastBoundLongitude>
                <gco:Decimal>7.21097</gco:Decimal>
              </gmd:eastBoundLongitude>
              <gmd:southBoundLatitude>
                <gco:Decimal>50.7539</gco:Decimal>
              </gmd:southBoundLatitude>
              <gmd:northBoundLatitude>
                <gco:Decimal>53.4658</gco:Decimal>
              </gmd:northBoundLatitude>
            </gmd:EX_GeographicBoundingBox>
          </gmd:geographicElement>
        </gmd:EX_Extent>
      </gmd:extent>
      <gmd:supplementalInformation>
        <gco:CharacterString>Aggenbach C.J.S. (red.), 2005. Knelpunten en kansenanalyse Natura 2000 gebieden. Kiwa/EGG-consult, Nieuwegein.
                    Broers, H.P. en J. Lijzen (2013) Afwegingen bij het gebruik van grondwater en de ondergrond. Een verkenning op basis van ecosysteemdiensten. Deltares en RIVM, Deltares-rapportnummer 1207762-016 / RIVM-rapportnummer 607710003/2014, Utrecht.
                    Klijn, F, J. ter Maat en E. van Velzen (2011) Zoetwatervoorziening in Nederland, landelijke analyse knelpunten in de 21e eeuw. Deltares-rapport 1204358-002-VEB-0010.
                    Rutgers M, Mulder C, Schouten AJ, Bloem J, Bogte JJ, Breure AM, Brussaard L, de Goede RGM, Faber JH, Jagers op Akkerhuis GAJM, Keidel H, Korthals GW, Smeding FW, ten Berg C, van Eekeren N 2007 Typeringen van bodemecosystemen in Nederland met tien referenties voor biologische bodemkwaliteit
                    Witte, J.P.M., C.J.S. Aggenbach &amp; J. Runhaar, 2007. Grondwater voor Natuur. In: R. Lieste, J.P.M. Witte, A.C.M. de Nijs, C.J.S. Aggenbach, B.J. Pieters, J. Runhaar &amp; W. Verweij, Beoordeling van de grondwatertoestand op basis van de Kaderrichtlijn Water, p. 43-102. RIVM, Bilthoven.</gco:CharacterString>
      </gmd:supplementalInformation>
    </gmd:MD_DataIdentification>
  </gmd:identificationInfo>
  <gmd:distributionInfo>
    <gmd:MD_Distribution>
      <gmd:transferOptions>
        <gmd:MD_DigitalTransferOptions>
          <gmd:unitsOfDistribution gco:nilReason="missing">
            <gco:CharacterString />
          </gmd:unitsOfDistribution>
          <gmd:transferSize gco:nilReason="missing" />
          <gmd:onLine>
            <gmd:CI_OnlineResource>
              <gmd:linkage>
                <gmd:URL>https://data.rivm.nl/meta/srv/api/records/7b9ffe10-7072-49fc-95e5-53ca8772a4c1/attachments/DANK002_aquatische_natuur.zip</gmd:URL>
              </gmd:linkage>
              <gmd:protocol>
                <gco:CharacterString>download</gco:CharacterString>
              </gmd:protocol>
              <gmd:name>
                <gco:CharacterString>DANK002_aquatische_natuur.zip</gco:CharacterString>
              </gmd:name>
            </gmd:CI_OnlineResource>
          </gmd:onLine>
          <gmd:onLine>
            <gmd:CI_OnlineResource>
              <gmd:linkage>
                <gmd:URL>http://data.rivm.nl/geo/ank/wfs?</gmd:URL>
              </gmd:linkage>
              <gmd:protocol>
                <gco:CharacterString>OGC:WFS</gco:CharacterString>
              </gmd:protocol>
              <gmd:name>
                <gco:CharacterString>d2_aquatische_natuur</gco:CharacterString>
              </gmd:name>
              <gmd:description>
                <gco:CharacterString>d2_aquatische_natuur</gco:CharacterString>
              </gmd:description>
            </gmd:CI_OnlineResource>
          </gmd:onLine>
          <gmd:onLine>
            <gmd:CI_OnlineResource>
              <gmd:linkage>
                <gmd:URL>http://data.rivm.nl/geo/ank/wms?</gmd:URL>
              </gmd:linkage>
              <gmd:protocol>
                <gco:CharacterString>OGC:WMS</gco:CharacterString>
              </gmd:protocol>
              <gmd:name>
                <gco:CharacterString>d2_aquatische_natuur</gco:CharacterString>
              </gmd:name>
              <gmd:description>
                <gco:CharacterString>d2_aquatische_natuur</gco:CharacterString>
              </gmd:description>
            </gmd:CI_OnlineResource>
          </gmd:onLine>
          <gmd:offLine>
            <gmd:MD_Medium>
              <gmd:name>
                <gmd:MD_MediumNameCode codeListValue="" codeList="http://standards.iso.org/iso/19139/resources/gmxCodelists.xml#MD_MediumNameCode" />
              </gmd:name>
            </gmd:MD_Medium>
          </gmd:offLine>
        </gmd:MD_DigitalTransferOptions>
      </gmd:transferOptions>
    </gmd:MD_Distribution>
  </gmd:distributionInfo>
  <gmd:dataQualityInfo>
    <gmd:DQ_DataQuality>
      <gmd:scope>
        <gmd:DQ_Scope>
          <gmd:level>
            <gmd:MD_ScopeCode codeListValue="dataset" codeList="http://standards.iso.org/iso/19139/resources/gmxCodelists.xml#MD_ScopeCode" />
          </gmd:level>
        </gmd:DQ_Scope>
      </gmd:scope>
      <gmd:lineage>
        <gmd:LI_Lineage>
          <gmd:statement>
            <gco:CharacterString>Deze kaart is tot stand gekomen door berekening met model DEMNAT door Deltares (Klijn e.a. 2011), Bronbestanden: Florbase-2N (Stichting Floron) en Demnat (Deltares).</gco:CharacterString>
          </gmd:statement>
        </gmd:LI_Lineage>
      </gmd:lineage>
    </gmd:DQ_DataQuality>
  </gmd:dataQualityInfo>
</gmd:MD_Metadata>