<?xml version="1.0" encoding="UTF-8"?>
<gmd:MD_Metadata xmlns:gmd="http://www.isotc211.org/2005/gmd" xmlns:xsi="http://www.w3.org/2001/XMLSchema-instance" xmlns:gmx="http://www.isotc211.org/2005/gmx" xmlns:gco="http://www.isotc211.org/2005/gco" xmlns:xlink="http://www.w3.org/1999/xlink" xmlns:geonet="http://www.fao.org/geonetwork" xsi:schemaLocation="http://www.isotc211.org/2005/gmd http://schemas.opengis.net/iso/19139/20060504/gmd/gmd.xsd http://www.isotc211.org/2005/gmx http://schemas.opengis.net/iso/19139/20060504/gmx/gmx.xsd">
  <gmd:fileIdentifier>
    <gco:CharacterString>0fb6f77f-f474-4469-af49-2f84b3a80835</gco:CharacterString>
  </gmd:fileIdentifier>
  <gmd:language>
    <gmd:LanguageCode codeList="http://www.loc.gov/standards/iso639-2/" codeListValue="dut">Nederlands; Vlaams</gmd:LanguageCode>
  </gmd:language>
  <gmd:characterSet>
    <gmd:MD_CharacterSetCode codeListValue="utf8" codeList="http://standards.iso.org/ittf/PubliclyAvailableStandards/ISO_19139_Schemas/resources/codelist/ML_gmxCodelists.xml#MD_CharacterSetCode">utf8</gmd:MD_CharacterSetCode>
  </gmd:characterSet>
  <gmd:hierarchyLevel>
    <gmd:MD_ScopeCode codeList="http://standards.iso.org/ittf/PubliclyAvailableStandards/ISO_19139_Schemas/resources/codelist/ML_gmxCodelists.xml#MD_ScopeCode" codeListValue="dataset">dataset</gmd:MD_ScopeCode>
  </gmd:hierarchyLevel>
  <gmd:contact>
    <gmd:CI_ResponsibleParty>
      <gmd:organisationName>
        <gmx:Anchor xlink:href="www.atlasnatuurlijkkapitaal.nl">Atlas Natuurlijk Kapitaal</gmx:Anchor>
      </gmd:organisationName>
      <gmd:contactInfo>
        <gmd:CI_Contact>
          <gmd:address>
            <gmd:CI_Address>
              <gmd:electronicMailAddress>
                <gco:CharacterString>atlasnatuurlijkkapitaal@rivm.nl</gco:CharacterString>
              </gmd:electronicMailAddress>
            </gmd:CI_Address>
          </gmd:address>
        </gmd:CI_Contact>
      </gmd:contactInfo>
      <gmd:role>
        <gmd:CI_RoleCode codeListValue="pointOfContact" codeList="http://standards.iso.org/ittf/PubliclyAvailableStandards/ISO_19139_Schemas/resources/codelist/ML_gmxCodelists.xml#CI_RoleCode">contactpunt</gmd:CI_RoleCode>
      </gmd:role>
    </gmd:CI_ResponsibleParty>
  </gmd:contact>
  <gmd:dateStamp>
    <gco:Date>2022-01-25</gco:Date>
  </gmd:dateStamp>
  <gmd:metadataStandardName>
    <gco:CharacterString>ISO 19115</gco:CharacterString>
  </gmd:metadataStandardName>
  <gmd:metadataStandardVersion>
    <gco:CharacterString>Nederlands metadata profiel op ISO 19115 voor geografie 2.1.0</gco:CharacterString>
  </gmd:metadataStandardVersion>
  <gmd:referenceSystemInfo>
    <gmd:MD_ReferenceSystem>
      <gmd:referenceSystemIdentifier>
        <gmd:RS_Identifier>
          <gmd:code>
            <gmx:Anchor xlink:href="http://www.opengis.net/def/crs/EPSG/0/28992">Rijks Driehoeksstelsel</gmx:Anchor>
          </gmd:code>
        </gmd:RS_Identifier>
      </gmd:referenceSystemIdentifier>
    </gmd:MD_ReferenceSystem>
  </gmd:referenceSystemInfo>
  <gmd:identificationInfo>
    <gmd:MD_DataIdentification>
      <gmd:citation>
        <gmd:CI_Citation>
          <gmd:title>
            <gco:CharacterString>Water voor terrestrische natuur</gco:CharacterString>
          </gmd:title>
          <gmd:date>
            <gmd:CI_Date>
              <gmd:date>
                <gco:Date>2014-11-05</gco:Date>
              </gmd:date>
              <gmd:dateType>
                <gmd:CI_DateTypeCode codeListValue="creation" codeList="http://standards.iso.org/ittf/PubliclyAvailableStandards/ISO_19139_Schemas/resources/codelist/ML_gmxCodelists.xml#CI_DateTypeCode">creatie</gmd:CI_DateTypeCode>
              </gmd:dateType>
            </gmd:CI_Date>
          </gmd:date>
          <gmd:identifier>
            <gmd:MD_Identifier>
              <gmd:code>
                <gco:CharacterString>95450c25-f805-49ce-9da6-34b0ef436b93</gco:CharacterString>
              </gmd:code>
            </gmd:MD_Identifier>
          </gmd:identifier>
        </gmd:CI_Citation>
      </gmd:citation>
      <gmd:abstract>
        <gco:CharacterString>De kaart toont de ligging van Nederlandse natuurgebieden, onderverdeeld naar grondwaterafhankelijkheid en de mogelijkheden voor wateraanvoer uit het hoofdwatersysteem. 
Allereerst zijn natte, grondwaterafhankelijke natuurgebieden (cat 1, cat 4 en overige natuur) onderscheiden van droge natuurgebieden.
Daarna is bepaald wat de wateraanvoermogelijkheden zijn vanuit het hoofdwatersysteem. Rijkswaterstaat hanteert hiervoor de verdringingsreeks. Een deel van de Nederlandse natuurgebieden bevindt zich in categorie 1 van de verdringingsreeks: natuur gebonden aan bodemgesteldheid, waarbij watertekort tot onomkeerbare schade kan leiden. Dit zijn de veengebieden met hoofdfunctie natuur, waar wateraanvoer het natuurgebied ook daadwerkelijk kan bereiken. Natuurgebieden op veen die voor wateraanvoer niet bereikbaar zijn, zijn weergegeven als overige natuur. In deze gebieden biedt wateraanvoer vanuit het hoofdwatersysteem geen soelaas en is de beschikbaarheid van gebiedseigen water van groot belang. Natte natuur, waar bij watertekort geen onomkeerbare schade optreedt, valt in categorie 4.
Tenslotte is aangegeven of de gebieden een beschermde status hebben. Natura2000 betreft het Europese netwerk van beschermde natuurgebieden, de overige gebieden zijn geclassificeerd niet-Natura2000.

Uitgebreide toelichting
In Nederland zijn grofweg vijf typen natuur te onderscheiden:
1.	Hoge zandgronden met bossen en droge heide
2.	Natte natuur met hoge waterpeilen zoals het IJsselmeer, de weerribben en oppervlaktewater- gevoede veenplassen. 
3.	Kwelafhankelijke natuur die veelal in beekdalen te vinden is.
4.	Overstromende natuur, zoals de uiterwaarden in het rivierengebied.
5.	Duinen en stranden

Kwelafhankelijke natuur is gebonden aan hoge grondwaterstanden en grondwater met een specifieke chemische samenstelling (basen rijk en niet verontreinigd). De kwelafhankelijke natuurgebieden zijn voornamelijk te vinden in beekdalen, maar ook in andere gebieden waar sprake is van een kwelsituatie, zoals bijvoorbeeld langs de Hondsrug, de Utrechtse Heuvelrug en de Veluwe wordt de natuur beïnvloed door het grondwater. Andere systemen die sterk afhankelijk zijn van de grondwatersituatie zijn hoogvenen en vennen. Ook in de duinengebieden is de natuur vaak afhankelijk van specifieke beïnvloeding door grondwater. In veel kwelafhankelijke natuur is sprake van verdroging en verzuring door te lage grondwaterstanden in omliggend gebied (door drainage) of door grondwateronttrekkingen (Aggenbach, 2005, Witte et al. 2007).

In terrestrische ecosystemen is vaak sprake van vermesting door te voedselrijk grondwater. Al deze knelpunten leiden tot afname van de biodiversiteit (Aggenbach, 2005, Witte et al. 2007).

Meerdere ecosysteemdiensten maken gebruik van dezelfde watervoorraad. Voor natte natuurgebieden en waternatuur (beken en kreken) is het van belang dat voldoende water van goede kwaliteit aanwezig is. Beschikbare grondwatervoorraden spelen hierin een cruciale rol, niet alleen voor de levering van voldoende water, maar ook van de juiste kwaliteit. De capaciteit van deze voorraden neemt af door gebruik voor andere ecosysteemdiensten, zoals onttrekkingen voor irrigatie en drinkwater (figuur 1). Ook andere ontwikkelingen die ingrijpen op de grondwaterstanden en stijghoogten, zoals toename van drainage in landbouwgebieden, kunnen van grote beperkende invloed zijn op kwelafhankelijke natuur.

In tijden van watertekort hanteert Rijkswaterstaat de verdringingsreeks om te bepalen hoe het oppervlaktewater uit de rijkswateren wordt verdeeld over verschillende watervragers. Een deel van de Nederlandse natuurgebieden bevindt zich in categorie 1 van de verdringingsreeks: natuur gebonden aan bodemgesteldheid) omdat watertekort tot onomkeerbare schade kan leiden. Overige natte natuur valt in categorie 4. Voorwaarde is uiteraard dat het aangevoerde oppervlaktewater de gebieden daadwerkelijk kan bereiken. Voor verdeling van het grondwater ontwikkelen waterschappen beleid.

De natuurgebieden leveren vervolgens zelf ook weer belangrijke ecosysteemdiensten. Goed functionerende terrestrische natuur-gebieden zoals categorie 1 en 3 hebben over het algemeen een hoge biodiversiteit aan bacteriën en schimmels. Deze variatie in bodemleven is in sterke mate bepalend voor het optimaal functioneren van de biochemische cycli en het reinigend vermogen van de bodem (o.a. Rutgers e.a. 2007). Bossen op de hogere zandgronden (categorie 1) dragen door hun verdamping bij aan een goede temperatuurregulatie. Niet ontwaterde natuurgebieden op de hogere zandgronden (categorie 1) vormen belangrijke aanvullingsgebieden voor het diepere grondwater.</gco:CharacterString>
      </gmd:abstract>
      <gmd:status>
        <gmd:MD_ProgressCode codeListValue="underDevelopment" codeList="http://standards.iso.org/ittf/PubliclyAvailableStandards/ISO_19139_Schemas/resources/codelist/ML_gmxCodelists.xml#MD_ProgressCode">in ontwikkeling</gmd:MD_ProgressCode>
      </gmd:status>
      <gmd:pointOfContact>
        <gmd:CI_ResponsibleParty>
          <gmd:individualName>
            <gco:CharacterString>Marijn Kuijper - Bodem- en Grondwatersystemen</gco:CharacterString>
          </gmd:individualName>
          <gmd:organisationName>
            <gmx:Anchor xlink:href="http://data.overheid.nl/organisatie/deltares">Deltares</gmx:Anchor>
          </gmd:organisationName>
          <gmd:contactInfo>
            <gmd:CI_Contact>
              <gmd:phone>
                <gmd:CI_Telephone>
                  <gmd:voice>
                    <gco:CharacterString>088 335 7775</gco:CharacterString>
                  </gmd:voice>
                </gmd:CI_Telephone>
              </gmd:phone>
              <gmd:address>
                <gmd:CI_Address>
                  <gmd:deliveryPoint>
                    <gco:CharacterString>Princetonlaan 6-8</gco:CharacterString>
                  </gmd:deliveryPoint>
                  <gmd:city>
                    <gco:CharacterString>Utrecht</gco:CharacterString>
                  </gmd:city>
                  <gmd:electronicMailAddress>
                    <gco:CharacterString>deltaresdata@deltares.nl</gco:CharacterString>
                  </gmd:electronicMailAddress>
                </gmd:CI_Address>
              </gmd:address>
            </gmd:CI_Contact>
          </gmd:contactInfo>
          <gmd:role>
            <gmd:CI_RoleCode codeListValue="originator" codeList="http://standards.iso.org/ittf/PubliclyAvailableStandards/ISO_19139_Schemas/resources/codelist/ML_gmxCodelists.xml#CI_RoleCode">maker</gmd:CI_RoleCode>
          </gmd:role>
        </gmd:CI_ResponsibleParty>
      </gmd:pointOfContact>
      <gmd:graphicOverview>
        <gmd:MD_BrowseGraphic>
          <gmd:fileName>
            <gco:CharacterString>https://data.rivm.nl/meta/srv/api/records/0fb6f77f-f474-4469-af49-2f84b3a80835/attachments/DANK007_terrestrische_natuur.png</gco:CharacterString>
          </gmd:fileName>
          <gmd:fileDescription>
            <gco:CharacterString>DANK007_terrestrische_natuur.png</gco:CharacterString>
          </gmd:fileDescription>
        </gmd:MD_BrowseGraphic>
      </gmd:graphicOverview>
      <gmd:descriptiveKeywords>
        <gmd:MD_Keywords>
          <gmd:keyword>
            <gco:CharacterString>grondwater</gco:CharacterString>
          </gmd:keyword>
          <gmd:keyword>
            <gco:CharacterString>beregening</gco:CharacterString>
          </gmd:keyword>
          <gmd:keyword>
            <gco:CharacterString>landbouw</gco:CharacterString>
          </gmd:keyword>
          <gmd:keyword>
            <gco:CharacterString>watervoorziening</gco:CharacterString>
          </gmd:keyword>
          <gmd:keyword>
            <gco:CharacterString>regulering</gco:CharacterString>
          </gmd:keyword>
          <gmd:keyword>
            <gco:CharacterString>stroming</gco:CharacterString>
          </gmd:keyword>
          <gmd:keyword>
            <gco:CharacterString>ecosysteem diensten</gco:CharacterString>
          </gmd:keyword>
        </gmd:MD_Keywords>
      </gmd:descriptiveKeywords>
      <gmd:resourceConstraints>
        <gmd:MD_Constraints>
          <gmd:useLimitation>
            <gco:CharacterString>Deze kaart is bedoeld voor gebruik in de Atlas Natuurlijk Kapitaal.
Betrouwbaarheid: B. Conform specificaties Nationaal Georegister</gco:CharacterString>
          </gmd:useLimitation>
        </gmd:MD_Constraints>
      </gmd:resourceConstraints>
      <gmd:resourceConstraints>
        <gmd:MD_LegalConstraints>
          <gmd:accessConstraints>
            <gmd:MD_RestrictionCode codeListValue="otherRestrictions" codeList="http://standards.iso.org/ittf/PubliclyAvailableStandards/ISO_19139_Schemas/resources/codelist/ML_gmxCodelists.xml#MD_RestrictionCode">anders</gmd:MD_RestrictionCode>
          </gmd:accessConstraints>
          <gmd:otherConstraints>
            <gmx:Anchor xlink:href="http://creativecommons.org/licenses/by-nc-nd/3.0/deed.nl">Niet Commercieel, Geen Afgeleide Werken, Naamsvermelding verplicht, organisatienaam</gmx:Anchor>
          </gmd:otherConstraints>
        </gmd:MD_LegalConstraints>
      </gmd:resourceConstraints>
      <gmd:spatialResolution>
        <gmd:MD_Resolution>
          <gmd:equivalentScale>
            <gmd:MD_RepresentativeFraction>
              <gmd:denominator>
                <gco:Integer>1000</gco:Integer>
              </gmd:denominator>
            </gmd:MD_RepresentativeFraction>
          </gmd:equivalentScale>
        </gmd:MD_Resolution>
      </gmd:spatialResolution>
      <gmd:language>
        <gmd:LanguageCode codeList="http://www.loc.gov/standards/iso639-2/" codeListValue="dut">Nederlands; Vlaams</gmd:LanguageCode>
      </gmd:language>
      <gmd:characterSet>
        <gmd:MD_CharacterSetCode codeListValue="utf8" codeList="http://standards.iso.org/ittf/PubliclyAvailableStandards/ISO_19139_Schemas/resources/codelist/ML_gmxCodelists.xml#MD_CharacterSetCode">utf8</gmd:MD_CharacterSetCode>
      </gmd:characterSet>
      <gmd:topicCategory>
        <gmd:MD_TopicCategoryCode>geoscientificInformation</gmd:MD_TopicCategoryCode>
      </gmd:topicCategory>
      <gmd:extent>
        <gmd:EX_Extent>
          <gmd:geographicElement>
            <gmd:EX_GeographicBoundingBox>
              <gmd:westBoundLongitude>
                <gco:Decimal>3.37087</gco:Decimal>
              </gmd:westBoundLongitude>
              <gmd:eastBoundLongitude>
                <gco:Decimal>7.21097</gco:Decimal>
              </gmd:eastBoundLongitude>
              <gmd:southBoundLatitude>
                <gco:Decimal>50.7539</gco:Decimal>
              </gmd:southBoundLatitude>
              <gmd:northBoundLatitude>
                <gco:Decimal>53.4658</gco:Decimal>
              </gmd:northBoundLatitude>
            </gmd:EX_GeographicBoundingBox>
          </gmd:geographicElement>
        </gmd:EX_Extent>
      </gmd:extent>
    </gmd:MD_DataIdentification>
  </gmd:identificationInfo>
  <gmd:distributionInfo>
    <gmd:MD_Distribution>
      <gmd:transferOptions>
        <gmd:MD_DigitalTransferOptions>
          <gmd:onLine xmlns:xs="http://www.w3.org/2001/XMLSchema" xmlns:java="java:org.fao.geonet.util.XslUtil">
            <gmd:CI_OnlineResource>
              <gmd:linkage>
                <gmd:URL>https://data.rivm.nl/geo/ank/wms?request=GetCapabilities</gmd:URL>
              </gmd:linkage>
              <gmd:protocol>
                <gmx:Anchor xlink:href="http://www.opengis.net/def/serviceType/ogc/wms">OGC:WMS</gmx:Anchor>
              </gmd:protocol>
              <gmd:applicationProfile>
                <gmx:Anchor xlink:href="http://inspire.ec.europa.eu/metadata-codelist/SpatialDataServiceType/view">view</gmx:Anchor>
              </gmd:applicationProfile>
              <gmd:name>
                <gco:CharacterString>d7_terrestrische_natuur</gco:CharacterString>
              </gmd:name>
              <gmd:description>
                <gco:CharacterString>d7_terrestrische_natuur</gco:CharacterString>
              </gmd:description>
              <gmd:function>
                <gmd:CI_OnLineFunctionCode codeList="http://standards.iso.org/ittf/PubliclyAvailableStandards/ISO_19139_Schemas/resources/codelist/ML_gmxCodelists.xml#CI_OnLineFunctionCode" codeListValue="information">information</gmd:CI_OnLineFunctionCode>
              </gmd:function>
            </gmd:CI_OnlineResource>
          </gmd:onLine>
          <gmd:onLine xmlns:xs="http://www.w3.org/2001/XMLSchema" xmlns:java="java:org.fao.geonet.util.XslUtil">
            <gmd:CI_OnlineResource>
              <gmd:linkage>
                <gmd:URL>https://geodata.rivm.nl/downloads/ank/DANK007_terrestrische_natuur.zip</gmd:URL>
              </gmd:linkage>
              <gmd:protocol>
                <gco:CharacterString>landingpage</gco:CharacterString>
              </gmd:protocol>
              <gmd:applicationProfile>
                <gmx:Anchor xlink:href="http://inspire.ec.europa.eu/metadata-codelist/SpatialDataServiceType/other">other</gmx:Anchor>
              </gmd:applicationProfile>
              <gmd:name>
                <gco:CharacterString>DANK007_terrestrische_natuur.zip</gco:CharacterString>
              </gmd:name>
              <gmd:description>
                <gco:CharacterString>DANK007_terrestrische_natuur.zip</gco:CharacterString>
              </gmd:description>
              <gmd:function>
                <gmd:CI_OnLineFunctionCode codeList="http://standards.iso.org/ittf/PubliclyAvailableStandards/ISO_19139_Schemas/resources/codelist/ML_gmxCodelists.xml#CI_OnLineFunctionCode" codeListValue="download">download</gmd:CI_OnLineFunctionCode>
              </gmd:function>
            </gmd:CI_OnlineResource>
          </gmd:onLine>
        </gmd:MD_DigitalTransferOptions>
      </gmd:transferOptions>
    </gmd:MD_Distribution>
  </gmd:distributionInfo>
  <gmd:dataQualityInfo>
    <gmd:DQ_DataQuality>
      <gmd:scope>
        <gmd:DQ_Scope>
          <gmd:level>
            <gmd:MD_ScopeCode codeListValue="dataset" codeList="http://standards.iso.org/ittf/PubliclyAvailableStandards/ISO_19139_Schemas/resources/codelist/ML_gmxCodelists.xml#MD_ScopeCode">dataset</gmd:MD_ScopeCode>
          </gmd:level>
        </gmd:DQ_Scope>
      </gmd:scope>
      <gmd:lineage>
        <gmd:LI_Lineage>
          <gmd:statement>
            <gco:CharacterString>Vervaardigd door Deltares. Bronbestanden: bodemkaart 1:50.000 (Alterra), Habitat rapportages, watervoorzieningskaart (RWS). 
Natura2000 gebieden gebaseerd habitatrichtlijn-rapportage</gco:CharacterString>
          </gmd:statement>
        </gmd:LI_Lineage>
      </gmd:lineage>
    </gmd:DQ_DataQuality>
  </gmd:dataQualityInfo>
</gmd:MD_Metadata>