<?xml version="1.0" encoding="UTF-8"?>
<gmd:MD_Metadata xmlns:gmd="http://www.isotc211.org/2005/gmd" xmlns:xsi="http://www.w3.org/2001/XMLSchema-instance" xmlns:geonet="http://www.fao.org/geonetwork" xsi:schemaLocation="http://www.isotc211.org/2005/gmd http://schemas.opengis.net/iso/19139/20060504/gmd/gmd.xsd">
  <gmd:fileIdentifier>
    <gco:CharacterString xmlns:gco="http://www.isotc211.org/2005/gco">60e3e456-7e79-46f4-8259-4f11376f47dd</gco:CharacterString>
  </gmd:fileIdentifier>
  <gmd:language>
    <gmd:LanguageCode codeList="http://www.loc.gov/standards/iso639-2/" codeListValue="dut" />
  </gmd:language>
  <gmd:characterSet>
    <gmd:MD_CharacterSetCode codeList="http://standards.iso.org/ittf/PubliclyAvailableStandards/ISO_19139_Schemas/resources/codelist/ML_gmxCodelists.xml#MD_CharacterSetCode" codeListValue="utf8" />
  </gmd:characterSet>
  <gmd:hierarchyLevel>
    <gmd:MD_ScopeCode codeList="http://standards.iso.org/ittf/PubliclyAvailableStandards/ISO_19139_Schemas/resources/codelist/ML_gmxCodelists.xml#MD_ScopeCode" codeListValue="dataset" />
  </gmd:hierarchyLevel>
  <gmd:contact>
    <gmd:CI_ResponsibleParty>
      <gmd:individualName xmlns:gco="http://www.isotc211.org/2005/gco" gco:nilReason="missing">
        <gco:CharacterString />
      </gmd:individualName>
      <gmd:organisationName>
        <gco:CharacterString xmlns:gco="http://www.isotc211.org/2005/gco">Waterschap Hunze en Aa's</gco:CharacterString>
      </gmd:organisationName>
      <gmd:positionName xmlns:gco="http://www.isotc211.org/2005/gco" gco:nilReason="missing">
        <gco:CharacterString />
      </gmd:positionName>
      <gmd:contactInfo>
        <gmd:CI_Contact>
          <gmd:phone>
            <gmd:CI_Telephone>
              <gmd:voice xmlns:gco="http://www.isotc211.org/2005/gco" gco:nilReason="missing">
                <gco:CharacterString />
              </gmd:voice>
              <gmd:facsimile xmlns:gco="http://www.isotc211.org/2005/gco" gco:nilReason="missing">
                <gco:CharacterString />
              </gmd:facsimile>
            </gmd:CI_Telephone>
          </gmd:phone>
          <gmd:address>
            <gmd:CI_Address>
              <gmd:deliveryPoint xmlns:gco="http://www.isotc211.org/2005/gco" gco:nilReason="missing">
                <gco:CharacterString />
              </gmd:deliveryPoint>
              <gmd:city xmlns:gco="http://www.isotc211.org/2005/gco" gco:nilReason="missing">
                <gco:CharacterString />
              </gmd:city>
              <gmd:administrativeArea xmlns:gco="http://www.isotc211.org/2005/gco" gco:nilReason="missing">
                <gco:CharacterString />
              </gmd:administrativeArea>
              <gmd:postalCode xmlns:gco="http://www.isotc211.org/2005/gco" gco:nilReason="missing">
                <gco:CharacterString />
              </gmd:postalCode>
              <gmd:country xmlns:gco="http://www.isotc211.org/2005/gco" gco:nilReason="missing">
                <gco:CharacterString />
              </gmd:country>
              <gmd:electronicMailAddress>
                <gco:CharacterString xmlns:gco="http://www.isotc211.org/2005/gco">gis_info@hunzeenaas.nl</gco:CharacterString>
              </gmd:electronicMailAddress>
            </gmd:CI_Address>
          </gmd:address>
          <gmd:onlineResource>
            <gmd:CI_OnlineResource>
              <gmd:linkage>
                <gmd:URL>http://www.hunzeenaas.nl</gmd:URL>
              </gmd:linkage>
            </gmd:CI_OnlineResource>
          </gmd:onlineResource>
        </gmd:CI_Contact>
      </gmd:contactInfo>
      <gmd:role>
        <gmd:CI_RoleCode codeList="http://standards.iso.org/ittf/PubliclyAvailableStandards/ISO_19139_Schemas/resources/codelist/ML_gmxCodelists.xml#CI_RoleCode" codeListValue="pointOfContact" />
      </gmd:role>
    </gmd:CI_ResponsibleParty>
  </gmd:contact>
  <gmd:dateStamp>
    <gco:Date xmlns:gco="http://www.isotc211.org/2005/gco">2018-07-02</gco:Date>
  </gmd:dateStamp>
  <gmd:metadataStandardName>
    <gco:CharacterString xmlns:gco="http://www.isotc211.org/2005/gco">ISO 19115</gco:CharacterString>
  </gmd:metadataStandardName>
  <gmd:metadataStandardVersion>
    <gco:CharacterString xmlns:gco="http://www.isotc211.org/2005/gco">Nederlands metadata profiel op ISO 19115 voor geografie 1.3.1</gco:CharacterString>
  </gmd:metadataStandardVersion>
  <gmd:referenceSystemInfo>
    <gmd:MD_ReferenceSystem>
      <gmd:referenceSystemIdentifier>
        <gmd:RS_Identifier>
          <gmd:code>
            <gco:CharacterString xmlns:gco="http://www.isotc211.org/2005/gco">28992</gco:CharacterString>
          </gmd:code>
          <gmd:codeSpace>
            <gco:CharacterString xmlns:gco="http://www.isotc211.org/2005/gco">EPSG</gco:CharacterString>
          </gmd:codeSpace>
        </gmd:RS_Identifier>
      </gmd:referenceSystemIdentifier>
    </gmd:MD_ReferenceSystem>
  </gmd:referenceSystemInfo>
  <gmd:identificationInfo>
    <gmd:MD_DataIdentification>
      <gmd:citation>
        <gmd:CI_Citation>
          <gmd:title>
            <gco:CharacterString xmlns:gco="http://www.isotc211.org/2005/gco">Luchtfoto 2013 25cm RGB Ortho (voorjaarsvlucht)</gco:CharacterString>
          </gmd:title>
          <gmd:date>
            <gmd:CI_Date>
              <gmd:date>
                <gco:Date xmlns:gco="http://www.isotc211.org/2005/gco">2013-06-01</gco:Date>
              </gmd:date>
              <gmd:dateType>
                <gmd:CI_DateTypeCode codeListValue="creation" codeList="http://standards.iso.org/ittf/PubliclyAvailableStandards/ISO_19139_Schemas/resources/codelist/ML_gmxCodelists.xml#CI_DateTypeCode" />
              </gmd:dateType>
            </gmd:CI_Date>
          </gmd:date>
          <gmd:identifier />
          <gmd:identifier>
            <gmd:MD_Identifier>
              <gmd:code>
                <gco:CharacterString xmlns:gco="http://www.isotc211.org/2005/gco">https://opendata.hunzeenaas.nl/opendataportaal/srv/metadata/60e3e456-7e79-46f4-8259-4f11376f47dd</gco:CharacterString>
              </gmd:code>
            </gmd:MD_Identifier>
          </gmd:identifier>
        </gmd:CI_Citation>
      </gmd:citation>
      <gmd:abstract>
        <gco:CharacterString xmlns:gco="http://www.isotc211.org/2005/gco">RGB voorjaarsluchtfoto van 2013 met een resolutie van 25cm.</gco:CharacterString>
      </gmd:abstract>
      <gmd:purpose>
        <gco:CharacterString xmlns:gco="http://www.isotc211.org/2005/gco">Doel van vervaardiging</gco:CharacterString>
      </gmd:purpose>
      <gmd:status>
        <gmd:MD_ProgressCode codeListValue="historicalArchive" codeList="http://standards.iso.org/ittf/PubliclyAvailableStandards/ISO_19139_Schemas/resources/codelist/ML_gmxCodelists.xml#MD_ProgressCode" />
      </gmd:status>
      <gmd:pointOfContact>
        <gmd:CI_ResponsibleParty>
          <gmd:individualName xmlns:gco="http://www.isotc211.org/2005/gco" gco:nilReason="missing">
            <gco:CharacterString />
          </gmd:individualName>
          <gmd:organisationName>
            <gco:CharacterString xmlns:gco="http://www.isotc211.org/2005/gco">Waterschap Hunze en Aa's</gco:CharacterString>
          </gmd:organisationName>
          <gmd:positionName xmlns:gco="http://www.isotc211.org/2005/gco" gco:nilReason="missing">
            <gco:CharacterString />
          </gmd:positionName>
          <gmd:contactInfo>
            <gmd:CI_Contact>
              <gmd:phone>
                <gmd:CI_Telephone>
                  <gmd:voice xmlns:gco="http://www.isotc211.org/2005/gco" gco:nilReason="missing">
                    <gco:CharacterString />
                  </gmd:voice>
                  <gmd:facsimile xmlns:gco="http://www.isotc211.org/2005/gco" gco:nilReason="missing">
                    <gco:CharacterString />
                  </gmd:facsimile>
                </gmd:CI_Telephone>
              </gmd:phone>
              <gmd:address>
                <gmd:CI_Address>
                  <gmd:deliveryPoint xmlns:gco="http://www.isotc211.org/2005/gco" gco:nilReason="missing">
                    <gco:CharacterString />
                  </gmd:deliveryPoint>
                  <gmd:city xmlns:gco="http://www.isotc211.org/2005/gco" gco:nilReason="missing">
                    <gco:CharacterString />
                  </gmd:city>
                  <gmd:administrativeArea xmlns:gco="http://www.isotc211.org/2005/gco" gco:nilReason="missing">
                    <gco:CharacterString />
                  </gmd:administrativeArea>
                  <gmd:postalCode xmlns:gco="http://www.isotc211.org/2005/gco" gco:nilReason="missing">
                    <gco:CharacterString />
                  </gmd:postalCode>
                  <gmd:country xmlns:gco="http://www.isotc211.org/2005/gco" gco:nilReason="missing">
                    <gco:CharacterString />
                  </gmd:country>
                  <gmd:electronicMailAddress>
                    <gco:CharacterString xmlns:gco="http://www.isotc211.org/2005/gco">gis_info@hunzeenaas.nl</gco:CharacterString>
                  </gmd:electronicMailAddress>
                </gmd:CI_Address>
              </gmd:address>
              <gmd:onlineResource>
                <gmd:CI_OnlineResource>
                  <gmd:linkage>
                    <gmd:URL>http://www.hunzeenaas.nl</gmd:URL>
                  </gmd:linkage>
                </gmd:CI_OnlineResource>
              </gmd:onlineResource>
            </gmd:CI_Contact>
          </gmd:contactInfo>
          <gmd:role>
            <gmd:CI_RoleCode codeList="http://standards.iso.org/ittf/PubliclyAvailableStandards/ISO_19139_Schemas/resources/codelist/ML_gmxCodelists.xml#CI_RoleCode" codeListValue="pointOfContact" />
          </gmd:role>
        </gmd:CI_ResponsibleParty>
      </gmd:pointOfContact>
      <gmd:descriptiveKeywords>
        <gmd:MD_Keywords>
          <gmd:keyword>
            <gco:CharacterString xmlns:gco="http://www.isotc211.org/2005/gco">voorjaar</gco:CharacterString>
          </gmd:keyword>
          <gmd:keyword>
            <gco:CharacterString xmlns:gco="http://www.isotc211.org/2005/gco">luchtfoto</gco:CharacterString>
          </gmd:keyword>
          <gmd:keyword>
            <gco:CharacterString xmlns:gco="http://www.isotc211.org/2005/gco">2013</gco:CharacterString>
          </gmd:keyword>
          <gmd:keyword>
            <gco:CharacterString xmlns:gco="http://www.isotc211.org/2005/gco">25cm</gco:CharacterString>
          </gmd:keyword>
          <gmd:keyword>
            <gco:CharacterString xmlns:gco="http://www.isotc211.org/2005/gco">ortho</gco:CharacterString>
          </gmd:keyword>
          <gmd:keyword>
            <gco:CharacterString xmlns:gco="http://www.isotc211.org/2005/gco">rgb</gco:CharacterString>
          </gmd:keyword>
          <gmd:keyword>
            <gco:CharacterString xmlns:gco="http://www.isotc211.org/2005/gco">landelijke voorziening beeldmateriaal</gco:CharacterString>
          </gmd:keyword>
          <gmd:keyword>
            <gco:CharacterString xmlns:gco="http://www.isotc211.org/2005/gco">lvb</gco:CharacterString>
          </gmd:keyword>
          <gmd:keyword>
            <gco:CharacterString xmlns:gco="http://www.isotc211.org/2005/gco">beeldmateriaal</gco:CharacterString>
          </gmd:keyword>
          <gmd:keyword>
            <gco:CharacterString xmlns:gco="http://www.isotc211.org/2005/gco">orthofoto</gco:CharacterString>
          </gmd:keyword>
          <gmd:keyword>
            <gco:CharacterString xmlns:gco="http://www.isotc211.org/2005/gco">ortho25</gco:CharacterString>
          </gmd:keyword>
          <gmd:keyword>
            <gco:CharacterString xmlns:gco="http://www.isotc211.org/2005/gco">orthofotomozaïek</gco:CharacterString>
          </gmd:keyword>
          <gmd:keyword>
            <gco:CharacterString xmlns:gco="http://www.isotc211.org/2005/gco">mozaïek</gco:CharacterString>
          </gmd:keyword>
          <gmd:keyword>
            <gco:CharacterString xmlns:gco="http://www.isotc211.org/2005/gco">orthofotomozaiek</gco:CharacterString>
          </gmd:keyword>
          <gmd:keyword>
            <gco:CharacterString xmlns:gco="http://www.isotc211.org/2005/gco">mozaiek</gco:CharacterString>
          </gmd:keyword>
          <gmd:keyword>
            <gco:CharacterString xmlns:gco="http://www.isotc211.org/2005/gco">lage resolutie</gco:CharacterString>
          </gmd:keyword>
          <gmd:keyword>
            <gco:CharacterString xmlns:gco="http://www.isotc211.org/2005/gco">lr</gco:CharacterString>
          </gmd:keyword>
        </gmd:MD_Keywords>
      </gmd:descriptiveKeywords>
      <gmd:resourceConstraints>
        <gmd:MD_Constraints>
          <gmd:useLimitation>
            <gco:CharacterString xmlns:gco="http://www.isotc211.org/2005/gco">Hoge bebouwing is niet voor vertekening gecorrigeerd en ligt geometrisch onjuist.</gco:CharacterString>
          </gmd:useLimitation>
        </gmd:MD_Constraints>
      </gmd:resourceConstraints>
      <gmd:resourceConstraints>
        <gmd:MD_LegalConstraints>
          <gmd:accessConstraints>
            <gmd:MD_RestrictionCode codeList="http://standards.iso.org/ittf/PubliclyAvailableStandards/ISO_19139_Schemas/resources/codelist/ML_gmxCodelists.xml#MD_RestrictionCode" codeListValue="otherRestrictions" />
          </gmd:accessConstraints>
          <gmd:otherConstraints>
            <gco:CharacterString xmlns:gco="http://www.isotc211.org/2005/gco">Geen beperkingen</gco:CharacterString>
          </gmd:otherConstraints>
          <gmd:otherConstraints>
            <gco:CharacterString xmlns:gco="http://www.isotc211.org/2005/gco">http://creativecommons.org/publicdomain/mark/1.0/deed.nl</gco:CharacterString>
          </gmd:otherConstraints>
        </gmd:MD_LegalConstraints>
      </gmd:resourceConstraints>
      <gmd:spatialResolution>
        <gmd:MD_Resolution>
          <gmd:equivalentScale>
            <gmd:MD_RepresentativeFraction>
              <gmd:denominator>
                <gco:Integer xmlns:gco="http://www.isotc211.org/2005/gco">1000</gco:Integer>
              </gmd:denominator>
            </gmd:MD_RepresentativeFraction>
          </gmd:equivalentScale>
        </gmd:MD_Resolution>
      </gmd:spatialResolution>
      <gmd:language>
        <gmd:LanguageCode codeList="http://www.loc.gov/standards/iso639-2/" codeListValue="dut" />
      </gmd:language>
      <gmd:characterSet>
        <gmd:MD_CharacterSetCode codeListValue="utf8" codeList="http://standards.iso.org/ittf/PubliclyAvailableStandards/ISO_19139_Schemas/resources/codelist/ML_gmxCodelists.xml#MD_CharacterSetCode" />
      </gmd:characterSet>
      <gmd:topicCategory>
        <gmd:MD_TopicCategoryCode>imageryBaseMapsEarthCover</gmd:MD_TopicCategoryCode>
      </gmd:topicCategory>
      <gmd:extent>
        <gmd:EX_Extent>
          <gmd:geographicElement>
            <gmd:EX_GeographicBoundingBox>
              <gmd:westBoundLongitude>
                <gco:Decimal xmlns:gco="http://www.isotc211.org/2005/gco">6.274500417904351</gco:Decimal>
              </gmd:westBoundLongitude>
              <gmd:eastBoundLongitude>
                <gco:Decimal xmlns:gco="http://www.isotc211.org/2005/gco">7.570597529185045</gco:Decimal>
              </gmd:eastBoundLongitude>
              <gmd:southBoundLatitude>
                <gco:Decimal xmlns:gco="http://www.isotc211.org/2005/gco">52.6482562858353</gco:Decimal>
              </gmd:southBoundLatitude>
              <gmd:northBoundLatitude>
                <gco:Decimal xmlns:gco="http://www.isotc211.org/2005/gco">53.47291066142737</gco:Decimal>
              </gmd:northBoundLatitude>
            </gmd:EX_GeographicBoundingBox>
          </gmd:geographicElement>
          <gmd:temporalElement>
            <gmd:EX_TemporalExtent>
              <gmd:extent>
                <gml:TimePeriod xmlns:gml="http://www.opengis.net/gml" gml:id="d21222e209a1051934">
                  <gml:beginPosition />
                  <gml:endPosition />
                </gml:TimePeriod>
              </gmd:extent>
            </gmd:EX_TemporalExtent>
          </gmd:temporalElement>
        </gmd:EX_Extent>
      </gmd:extent>
    </gmd:MD_DataIdentification>
  </gmd:identificationInfo>
  <gmd:distributionInfo>
    <gmd:MD_Distribution>
      <gmd:transferOptions>
        <gmd:MD_DigitalTransferOptions>
          <gmd:onLine>
            <gmd:CI_OnlineResource>
              <gmd:linkage>
                <gmd:URL>https://rasterdata.hunzeenaas.nl/erdas-iws/ogc/wmts/Rasterdata?service=WMTS&amp;request=getcapabilities</gmd:URL>
              </gmd:linkage>
              <gmd:protocol>
                <gco:CharacterString xmlns:gco="http://www.isotc211.org/2005/gco">OGC:WMTS</gco:CharacterString>
              </gmd:protocol>
              <gmd:name>
                <gco:CharacterString xmlns:gco="http://www.isotc211.org/2005/gco">2013_Ortho_25cm_RGB_vv</gco:CharacterString>
              </gmd:name>
              <gmd:description>
                <gco:CharacterString xmlns:gco="http://www.isotc211.org/2005/gco">Luchtfoto_2013_Ortho_25cm_RGB_voorjaarsvlucht</gco:CharacterString>
              </gmd:description>
            </gmd:CI_OnlineResource>
          </gmd:onLine>
          <gmd:onLine>
            <gmd:CI_OnlineResource>
              <gmd:linkage>
                <gmd:URL>https://rasterdata.hunzeenaas.nl/erdas-iws/ogc/wms/Rasterdata?service=WMS&amp;request=getcapabilities</gmd:URL>
              </gmd:linkage>
              <gmd:protocol>
                <gco:CharacterString xmlns:gco="http://www.isotc211.org/2005/gco">OGC:WMS</gco:CharacterString>
              </gmd:protocol>
              <gmd:name>
                <gco:CharacterString xmlns:gco="http://www.isotc211.org/2005/gco">2013_ortho_25cm_rgb_vv</gco:CharacterString>
              </gmd:name>
              <gmd:description>
                <gco:CharacterString xmlns:gco="http://www.isotc211.org/2005/gco">Luchtfoto_2013_Ortho_25cm_RGB_voorjaarsvlucht</gco:CharacterString>
              </gmd:description>
            </gmd:CI_OnlineResource>
          </gmd:onLine>
        </gmd:MD_DigitalTransferOptions>
      </gmd:transferOptions>
    </gmd:MD_Distribution>
  </gmd:distributionInfo>
  <gmd:dataQualityInfo>
    <gmd:DQ_DataQuality>
      <gmd:scope>
        <gmd:DQ_Scope>
          <gmd:level>
            <gmd:MD_ScopeCode codeListValue="dataset" codeList="http://standards.iso.org/ittf/PubliclyAvailableStandards/ISO_19139_Schemas/resources/codelist/ML_gmxCodelists.xml#MD_ScopeCode" />
          </gmd:level>
        </gmd:DQ_Scope>
      </gmd:scope>
      <gmd:report>
        <gmd:DQ_TopologicalConsistency>
          <gmd:result />
        </gmd:DQ_TopologicalConsistency>
      </gmd:report>
      <gmd:report>
        <gmd:DQ_CompletenessOmission>
          <gmd:result />
        </gmd:DQ_CompletenessOmission>
      </gmd:report>
      <gmd:report>
        <gmd:DQ_AbsoluteExternalPositionalAccuracy>
          <gmd:result />
        </gmd:DQ_AbsoluteExternalPositionalAccuracy>
      </gmd:report>
      <gmd:lineage>
        <gmd:LI_Lineage>
          <gmd:statement>
            <gco:CharacterString xmlns:gco="http://www.isotc211.org/2005/gco">Ontstaan uit in principe de centrale gedeelten van iedere orthofoto. Daardoor is de omvalling in de mozaieken zo klein mogelijk gehouden. De kleurweergave kan over het land verschillen ten gevolge van de verspreide opnamedatum en opnametijd.</gco:CharacterString>
          </gmd:statement>
        </gmd:LI_Lineage>
      </gmd:lineage>
    </gmd:DQ_DataQuality>
  </gmd:dataQualityInfo>
</gmd:MD_Metadata>