<?xml version="1.0" encoding="UTF-8"?>
<gmd:MD_Metadata xmlns:gmd="http://www.isotc211.org/2005/gmd" xmlns:xsi="http://www.w3.org/2001/XMLSchema-instance" xmlns:gco="http://www.isotc211.org/2005/gco" xmlns:srv="http://www.isotc211.org/2005/srv" xmlns:gmx="http://www.isotc211.org/2005/gmx" xmlns:gts="http://www.isotc211.org/2005/gts" xmlns:gsr="http://www.isotc211.org/2005/gsr" xmlns:gmi="http://www.isotc211.org/2005/gmi" xmlns:gml="http://www.opengis.net/gml" xmlns:xlink="http://www.w3.org/1999/xlink" xmlns:geonet="http://www.fao.org/geonetwork" xsi:schemaLocation="http://www.isotc211.org/2005/gmd http://schemas.opengis.net/iso/19139/20060504/gmd/gmd.xsd http://www.isotc211.org/2005/srv http://schemas.opengis.net/iso/19139/20060504/srv/srv.xsd http://www.isotc211.org/2005/gmd http://schemas.opengis.net/csw/2.0.2/profiles/apiso/1.0.0/apiso.xsd">
  <gmd:fileIdentifier>
    <gco:CharacterString>c82a783a-9a58-4761-a809-b4c5d90dcd35</gco:CharacterString>
  </gmd:fileIdentifier>
  <gmd:language xmlns:xs="http://www.w3.org/2001/XMLSchema" xmlns:csw="http://www.opengis.net/cat/csw/2.0.2">
    <gmd:LanguageCode codeList="http://www.loc.gov/standards/iso639-2/" codeListValue="dut" />
  </gmd:language>
  <gmd:characterSet xmlns:xs="http://www.w3.org/2001/XMLSchema" xmlns:csw="http://www.opengis.net/cat/csw/2.0.2">
    <gmd:MD_CharacterSetCode codeList="http://standards.iso.org/iso/19139/resources/gmxCodelists.xml#MD_CharacterSetCode" codeListValue="utf8" />
  </gmd:characterSet>
  <gmd:hierarchyLevel xmlns:xs="http://www.w3.org/2001/XMLSchema" xmlns:csw="http://www.opengis.net/cat/csw/2.0.2">
    <gmd:MD_ScopeCode codeList="http://standards.iso.org/iso/19139/resources/gmxCodelists.xml#MD_ScopeCode" codeListValue="service" />
  </gmd:hierarchyLevel>
  <gmd:contact xmlns:xs="http://www.w3.org/2001/XMLSchema" xmlns:csw="http://www.opengis.net/cat/csw/2.0.2">
    <gmd:CI_ResponsibleParty>
      <gmd:individualName>
        <gco:CharacterString>Beheer PDOK</gco:CharacterString>
      </gmd:individualName>
      <gmd:organisationName>
        <gco:CharacterString>Beheer PDOK</gco:CharacterString>
      </gmd:organisationName>
      <gmd:positionName gco:nilReason="missing">
        <gco:CharacterString />
      </gmd:positionName>
      <gmd:contactInfo>
        <gmd:CI_Contact>
          <gmd:phone>
            <gmd:CI_Telephone>
              <gmd:voice gco:nilReason="missing">
                <gco:CharacterString />
              </gmd:voice>
              <gmd:facsimile gco:nilReason="missing">
                <gco:CharacterString />
              </gmd:facsimile>
            </gmd:CI_Telephone>
          </gmd:phone>
          <gmd:address>
            <gmd:CI_Address>
              <gmd:deliveryPoint gco:nilReason="missing">
                <gco:CharacterString />
              </gmd:deliveryPoint>
              <gmd:city gco:nilReason="missing">
                <gco:CharacterString />
              </gmd:city>
              <gmd:administrativeArea gco:nilReason="missing">
                <gco:CharacterString />
              </gmd:administrativeArea>
              <gmd:postalCode gco:nilReason="missing">
                <gco:CharacterString />
              </gmd:postalCode>
              <gmd:country gco:nilReason="missing">
                <gco:CharacterString />
              </gmd:country>
              <gmd:electronicMailAddress>
                <gco:CharacterString>beheerPDOK@kadaster.nl</gco:CharacterString>
              </gmd:electronicMailAddress>
            </gmd:CI_Address>
          </gmd:address>
          <gmd:onlineResource>
            <gmd:CI_OnlineResource>
              <gmd:linkage>
                <gmd:URL />
              </gmd:linkage>
            </gmd:CI_OnlineResource>
          </gmd:onlineResource>
        </gmd:CI_Contact>
      </gmd:contactInfo>
      <gmd:role>
        <gmd:CI_RoleCode codeListValue="pointOfContact" codeList="http://standards.iso.org/iso/19139/resources/gmxCodelists.xml#CI_RoleCode" />
      </gmd:role>
    </gmd:CI_ResponsibleParty>
  </gmd:contact>
  <gmd:dateStamp>
    <gco:Date>2021-10-29</gco:Date>
  </gmd:dateStamp>
  <gmd:metadataStandardName xmlns:xs="http://www.w3.org/2001/XMLSchema" xmlns:csw="http://www.opengis.net/cat/csw/2.0.2">
    <gco:CharacterString>ISO 19119</gco:CharacterString>
  </gmd:metadataStandardName>
  <gmd:metadataStandardVersion xmlns:xs="http://www.w3.org/2001/XMLSchema" xmlns:csw="http://www.opengis.net/cat/csw/2.0.2">
    <gco:CharacterString>Nederlands metadata profiel op ISO 19119 voor services 1.2</gco:CharacterString>
  </gmd:metadataStandardVersion>
  <gmd:identificationInfo>
    <srv:SV_ServiceIdentification>
      <gmd:citation xmlns:xs="http://www.w3.org/2001/XMLSchema" xmlns:csw="http://www.opengis.net/cat/csw/2.0.2">
        <gmd:CI_Citation>
          <gmd:title>
            <gco:CharacterString>Luchtfoto Beeldmateriaal / PDOK RGB 25cm en 7,5cm WMTS</gco:CharacterString>
          </gmd:title>
          <gmd:date>
            <gmd:CI_Date>
              <gmd:date>
                <gco:Date>2016-05-15</gco:Date>
              </gmd:date>
              <gmd:dateType>
                <gmd:CI_DateTypeCode codeList="http://standards.iso.org/iso/19139/resources/gmxCodelists.xml#CI_DateTypeCode" codeListValue="creation" />
              </gmd:dateType>
            </gmd:CI_Date>
          </gmd:date>
          <gmd:date>
            <gmd:CI_Date>
              <gmd:date>
                <gco:Date>2017-01-30</gco:Date>
              </gmd:date>
              <gmd:dateType>
                <gmd:CI_DateTypeCode codeList="http://standards.iso.org/iso/19139/resources/gmxCodelists.xml#CI_DateTypeCode" codeListValue="revision" />
              </gmd:dateType>
            </gmd:CI_Date>
          </gmd:date>
        </gmd:CI_Citation>
      </gmd:citation>
      <gmd:abstract xmlns:xs="http://www.w3.org/2001/XMLSchema" xmlns:csw="http://www.opengis.net/cat/csw/2.0.2">
        <gco:CharacterString>In opdracht van de aan het samenwerkingsverband Beeldmateriaal deelnemende overheden wordt jaarlijks gedurende de zomermaanden een landsdekkende luchtfoto geproduceerd. Met ingang van de jaargang 2016 wordt dit product via PDOK als open data beschikbaar gesteld. Deze luchtfoto heeft een resolutie van 25 centimeter. De resolutie geeft aan hoe groot een pixel is op het aardoppervlak, in dit geval dus 25 bij 25 centimeter.

Met ingang van de jaargang 2021 stelt het samenwerkingsverband, naast de bovengenoemde luchtfoto, ook het beeldmateriaal dat in het voorjaar wordt ingewonnen als open data beschikbaar. Dit betreft luchtfoto’s met een Hoge Resolutie (HR) van 7,5 centimeter. Al kort na de inwinning wordt op tijdelijke basis een ‘quick’ variant aangeboden; dit beeldmateriaal voldoet nog niet aan alle gestelde eisen (o.a. ten aanzien van geometrie, radiometrie en de aansluiting op aangrenzende beelden), maar is al wel bruikbaar als kijkplaatje en ter oriëntatie. Het definitieve product wordt beschikbaar gesteld zodra het volledige productieproces is doorlopen en de kwaliteitscontrole positief is afgesloten. Dit product vervangt de ‘quick’ variant.

De beschikbare producten betreffen de zogenoemde orthofotomozaïeken. Deze zijn samengesteld uit de centrale gedeelten van de individuele luchtfoto’s. Hierdoor wordt de omvalling van hoge objecten in de mozaïeken zo klein mogelijk gehouden. De orthofotomozaïeken van de 25 centimeter luchtfoto worden zowel als een kleurenfoto (Rood Groen Blauw) als in een InfraRood -versie aangeboden; voor de 7,5 centimeter luchtfoto geldt dat deze alleen in een kleuren-versie (RGB) beschikbaar is.

Binnen de webservices wordt een aantal lagen aangeboden, te weten:

• (jaar)_quick_orthoHR (RGB 7,5 cm, tijdelijke versie);
• (jaar)_orthoHR (RGB 7,5 cm, definitieve versie);
• Actueel_orthoHR (RGB 7,5 cm)
• (jaar)_ortho25 (RGB 25 cm);
• (jaar)_ortho25IR (infrarood 25 cm);
• Actueel_ortho25 (RGB 25 cm);
• Actueel_ortho25IR (infrarood 25 cm).

De diverse lagen worden gaandeweg het lopende jaar gevuld. De lagen Actueel_ortho25 en Actueel_ortho25[IR] verwijzen altijd naar de dataset van de meest recente landsdekkende jaargang van de 25 centimeter luchtfoto.

De laag Actueel_orthoHR verwijst altijd naar de dataset van de meest recente landsdekkende jaargang van de 7,5 centimeter luchtfoto. Jaarlijks worden nieuwe lagen toegevoegd. Er worden maximaal 5 jaargangen weergegeven.

PDOK biedt het open data beeldmateriaal aan in de vorm van webservices. Het samenwerkingsverband biedt via opendata.beeldmateriaal.nl de mogelijkheid om data in de vorm van fysieke leveringen (downloads) te verkrijgen.

Informatie over de voortgang van de productie van het lopende jaar vind je op beeldmateriaal.nl.</gco:CharacterString>
      </gmd:abstract>
      <gmd:pointOfContact xmlns:xs="http://www.w3.org/2001/XMLSchema" xmlns:csw="http://www.opengis.net/cat/csw/2.0.2">
        <gmd:CI_ResponsibleParty>
          <gmd:individualName gco:nilReason="missing">
            <gco:CharacterString />
          </gmd:individualName>
          <gmd:organisationName>
            <gco:CharacterString>Beheer PDOK</gco:CharacterString>
          </gmd:organisationName>
          <gmd:positionName gco:nilReason="missing">
            <gco:CharacterString />
          </gmd:positionName>
          <gmd:contactInfo>
            <gmd:CI_Contact>
              <gmd:phone>
                <gmd:CI_Telephone>
                  <gmd:voice gco:nilReason="missing">
                    <gco:CharacterString />
                  </gmd:voice>
                  <gmd:facsimile gco:nilReason="missing">
                    <gco:CharacterString />
                  </gmd:facsimile>
                </gmd:CI_Telephone>
              </gmd:phone>
              <gmd:address>
                <gmd:CI_Address>
                  <gmd:deliveryPoint gco:nilReason="missing">
                    <gco:CharacterString />
                  </gmd:deliveryPoint>
                  <gmd:city gco:nilReason="missing">
                    <gco:CharacterString />
                  </gmd:city>
                  <gmd:administrativeArea gco:nilReason="missing">
                    <gco:CharacterString />
                  </gmd:administrativeArea>
                  <gmd:postalCode gco:nilReason="missing">
                    <gco:CharacterString />
                  </gmd:postalCode>
                  <gmd:country gco:nilReason="missing">
                    <gco:CharacterString />
                  </gmd:country>
                  <gmd:electronicMailAddress>
                    <gco:CharacterString>beheerPDOK@kadaster.nl</gco:CharacterString>
                  </gmd:electronicMailAddress>
                </gmd:CI_Address>
              </gmd:address>
              <gmd:onlineResource>
                <gmd:CI_OnlineResource>
                  <gmd:linkage>
                    <gmd:URL>https://www.pdok.nl/contact</gmd:URL>
                  </gmd:linkage>
                </gmd:CI_OnlineResource>
              </gmd:onlineResource>
            </gmd:CI_Contact>
          </gmd:contactInfo>
          <gmd:role>
            <gmd:CI_RoleCode codeListValue="pointOfContact" codeList="http://standards.iso.org/iso/19139/resources/gmxCodelists.xml#CI_RoleCode" />
          </gmd:role>
        </gmd:CI_ResponsibleParty>
      </gmd:pointOfContact>
      <gmd:graphicOverview xmlns:xs="http://www.w3.org/2001/XMLSchema" xmlns:csw="http://www.opengis.net/cat/csw/2.0.2">
        <gmd:MD_BrowseGraphic>
          <gmd:fileName>
            <gco:CharacterString>https://www.nationaalgeoregister.nl:443/geonetwork/srv/api/records/c82a783a-9a58-4761-a809-b4c5d90dcd35/attachments/lufo_rgb_25cm.jpg</gco:CharacterString>
          </gmd:fileName>
          <gmd:fileDescription>
            <gco:CharacterString>2016_ortho25</gco:CharacterString>
          </gmd:fileDescription>
        </gmd:MD_BrowseGraphic>
      </gmd:graphicOverview>
      <gmd:descriptiveKeywords xmlns:xs="http://www.w3.org/2001/XMLSchema" xmlns:csw="http://www.opengis.net/cat/csw/2.0.2">
        <gmd:MD_Keywords>
          <gmd:keyword>
            <gco:CharacterString>Landelijke voorziening beeldmateriaal</gco:CharacterString>
          </gmd:keyword>
          <gmd:keyword>
            <gco:CharacterString>LVB</gco:CharacterString>
          </gmd:keyword>
          <gmd:keyword>
            <gco:CharacterString>Beeldmateriaal</gco:CharacterString>
          </gmd:keyword>
          <gmd:keyword>
            <gco:CharacterString>Luchtbeelden</gco:CharacterString>
          </gmd:keyword>
          <gmd:keyword>
            <gco:CharacterString>Luchtfoto</gco:CharacterString>
          </gmd:keyword>
          <gmd:keyword>
            <gco:CharacterString>Orthofoto</gco:CharacterString>
          </gmd:keyword>
          <gmd:keyword>
            <gco:CharacterString>Ortho</gco:CharacterString>
          </gmd:keyword>
          <gmd:keyword>
            <gco:CharacterString>Ortho25</gco:CharacterString>
          </gmd:keyword>
          <gmd:keyword>
            <gco:CharacterString>Orthofotomozaïek</gco:CharacterString>
          </gmd:keyword>
          <gmd:keyword>
            <gco:CharacterString>Orthofotomozaiek</gco:CharacterString>
          </gmd:keyword>
          <gmd:keyword>
            <gco:CharacterString>Mozaïek</gco:CharacterString>
          </gmd:keyword>
          <gmd:keyword>
            <gco:CharacterString>Mozaiek</gco:CharacterString>
          </gmd:keyword>
          <gmd:keyword>
            <gco:CharacterString>Lage resolutie</gco:CharacterString>
          </gmd:keyword>
          <gmd:keyword>
            <gco:CharacterString>LR</gco:CharacterString>
          </gmd:keyword>
          <gmd:keyword>
            <gco:CharacterString>Open data CC-BY</gco:CharacterString>
          </gmd:keyword>
          <gmd:keyword>
            <gco:CharacterString>infoMapAccessService</gco:CharacterString>
          </gmd:keyword>
        </gmd:MD_Keywords>
      </gmd:descriptiveKeywords>
      <gmd:resourceConstraints xmlns:xs="http://www.w3.org/2001/XMLSchema" xmlns:csw="http://www.opengis.net/cat/csw/2.0.2">
        <gmd:MD_Constraints>
          <gmd:useLimitation>
            <gco:CharacterString>Hoge bebouwing is niet voor vertekening gecorrigeerd en ligt geometrisch onjuist.</gco:CharacterString>
          </gmd:useLimitation>
        </gmd:MD_Constraints>
      </gmd:resourceConstraints>
      <gmd:resourceConstraints xmlns:xs="http://www.w3.org/2001/XMLSchema" xmlns:csw="http://www.opengis.net/cat/csw/2.0.2">
        <gmd:MD_LegalConstraints>
          <gmd:accessConstraints>
            <gmd:MD_RestrictionCode codeList="http://standards.iso.org/iso/19139/resources/gmxCodelists.xml#MD_RestrictionCode" codeListValue="otherRestrictions" />
          </gmd:accessConstraints>
          <gmd:otherConstraints>
            <gco:CharacterString>Naamsvermelding verplicht: Beeldmateriaal.nl</gco:CharacterString>
          </gmd:otherConstraints>
          <gmd:otherConstraints>
            <gco:CharacterString>http://creativecommons.org/licenses/by/4.0/deed.nl</gco:CharacterString>
          </gmd:otherConstraints>
        </gmd:MD_LegalConstraints>
      </gmd:resourceConstraints>
      <gmd:resourceConstraints xmlns:xs="http://www.w3.org/2001/XMLSchema" xmlns:csw="http://www.opengis.net/cat/csw/2.0.2">
        <gmd:MD_SecurityConstraints>
          <gmd:classification>
            <gmd:MD_ClassificationCode codeList="http://standards.iso.org/iso/19139/resources/gmxCodelists.xml#MD_ClassificationCode" codeListValue="unclassified" />
          </gmd:classification>
        </gmd:MD_SecurityConstraints>
      </gmd:resourceConstraints>
      <srv:serviceType xmlns:xs="http://www.w3.org/2001/XMLSchema" xmlns:csw="http://www.opengis.net/cat/csw/2.0.2">
        <gco:LocalName>view</gco:LocalName>
      </srv:serviceType>
      <srv:extent xmlns:xs="http://www.w3.org/2001/XMLSchema" xmlns:csw="http://www.opengis.net/cat/csw/2.0.2">
        <gmd:EX_Extent>
          <gmd:geographicElement>
            <gmd:EX_GeographicBoundingBox>
              <gmd:westBoundLongitude>
                <gco:Decimal>3.206252918228434</gco:Decimal>
              </gmd:westBoundLongitude>
              <gmd:eastBoundLongitude>
                <gco:Decimal>7.245258336784366</gco:Decimal>
              </gmd:eastBoundLongitude>
              <gmd:southBoundLatitude>
                <gco:Decimal>50.73360719554353</gco:Decimal>
              </gmd:southBoundLatitude>
              <gmd:northBoundLatitude>
                <gco:Decimal>53.58297893748843</gco:Decimal>
              </gmd:northBoundLatitude>
            </gmd:EX_GeographicBoundingBox>
          </gmd:geographicElement>
          <gmd:temporalElement>
            <gmd:EX_TemporalExtent>
              <gmd:extent>
                <gml:TimePeriod gml:id="N10259">
                  <gml:begin>
                    <gml:TimeInstant gml:id="N1025E">
                      <gml:timePosition>2016-05-15</gml:timePosition>
                    </gml:TimeInstant>
                  </gml:begin>
                  <gml:end>
                    <gml:TimeInstant gml:id="N10267">
                      <gml:timePosition>2017-01-30</gml:timePosition>
                    </gml:TimeInstant>
                  </gml:end>
                </gml:TimePeriod>
              </gmd:extent>
            </gmd:EX_TemporalExtent>
          </gmd:temporalElement>
        </gmd:EX_Extent>
      </srv:extent>
      <srv:coupledResource xmlns:xs="http://www.w3.org/2001/XMLSchema" xmlns:csw="http://www.opengis.net/cat/csw/2.0.2">
        <srv:SV_CoupledResource>
          <srv:operationName>
            <gco:CharacterString>GetCapabilities</gco:CharacterString>
          </srv:operationName>
          <srv:identifier>
            <gco:CharacterString>2482250f-3b00-4439-9f93-f3118229b017</gco:CharacterString>
          </srv:identifier>
          <gco:ScopedName codeSpace="">2016_ortho25</gco:ScopedName>
        </srv:SV_CoupledResource>
      </srv:coupledResource>
      <srv:coupledResource xmlns:xs="http://www.w3.org/2001/XMLSchema" xmlns:csw="http://www.opengis.net/cat/csw/2.0.2">
        <srv:SV_CoupledResource>
          <srv:operationName>
            <gco:CharacterString>GetTile</gco:CharacterString>
          </srv:operationName>
          <srv:identifier>
            <gco:CharacterString>2482250f-3b00-4439-9f93-f3118229b017</gco:CharacterString>
          </srv:identifier>
          <gco:ScopedName codeSpace="">2016_ortho25</gco:ScopedName>
        </srv:SV_CoupledResource>
      </srv:coupledResource>
      <srv:coupledResource xmlns:xs="http://www.w3.org/2001/XMLSchema" xmlns:csw="http://www.opengis.net/cat/csw/2.0.2">
        <srv:SV_CoupledResource>
          <srv:operationName>
            <gco:CharacterString>GetFeatureInfo</gco:CharacterString>
          </srv:operationName>
          <srv:identifier>
            <gco:CharacterString>2482250f-3b00-4439-9f93-f3118229b017</gco:CharacterString>
          </srv:identifier>
          <gco:ScopedName codeSpace="">2016_ortho25</gco:ScopedName>
        </srv:SV_CoupledResource>
      </srv:coupledResource>
      <srv:coupledResource xmlns:xs="http://www.w3.org/2001/XMLSchema" xmlns:csw="http://www.opengis.net/cat/csw/2.0.2">
        <srv:SV_CoupledResource>
          <srv:operationName>
            <gco:CharacterString>GetCapabilities</gco:CharacterString>
          </srv:operationName>
          <srv:identifier>
            <gco:CharacterString>2482250f-3b00-4439-9f93-f3118229b023</gco:CharacterString>
          </srv:identifier>
          <gco:ScopedName codeSpace="">Luchtfoto Beeldmateriaal / PDOK 25 cm RGB WMTS</gco:ScopedName>
        </srv:SV_CoupledResource>
      </srv:coupledResource>
      <srv:couplingType xmlns:xs="http://www.w3.org/2001/XMLSchema" xmlns:csw="http://www.opengis.net/cat/csw/2.0.2">
        <srv:SV_CouplingType codeList="http://www.isotc211.org/2005/iso19119/resources/Codelist/gmxCodelists.xml#SV_CouplingType" codeListValue="tight" />
      </srv:couplingType>
      <srv:containsOperations xmlns:xs="http://www.w3.org/2001/XMLSchema" xmlns:csw="http://www.opengis.net/cat/csw/2.0.2">
        <srv:SV_OperationMetadata>
          <srv:operationName>
            <gco:CharacterString>GetCapabilities</gco:CharacterString>
          </srv:operationName>
          <srv:DCP>
            <srv:DCPList codeList="http://www.isotc211.org/2005/iso19119/resources/Codelist/gmxCodelists.xml#DCPList" codeListValue="WebServices" />
          </srv:DCP>
          <srv:connectPoint>
            <gmd:CI_OnlineResource>
              <gmd:linkage>
                <gmd:URL>https://service.pdok.nl/hwh/luchtfotorgb/wmts/v1_0?request=GetCapabilities&amp;service=wmts</gmd:URL>
              </gmd:linkage>
            </gmd:CI_OnlineResource>
          </srv:connectPoint>
        </srv:SV_OperationMetadata>
      </srv:containsOperations>
      <srv:operatesOn uuidref="2482250f-3b00-4439-9f93-f3118229b017" xlink:href="https://www.nationaalgeoregister.nl:443/geonetwork/srv/dut/csw?service=CSW&amp;request=GetRecordById&amp;version=2.0.2&amp;outputSchema=http://www.isotc211.org/2005/gmd&amp;elementSetName=full&amp;id=74aca3eb-c38b-4214-9537-e0abc69e11b5" />
      <srv:operatesOn uuidref="2482250f-3b00-4439-9f93-f3118229b014" xlink:href="https://www.nationaalgeoregister.nl:443/geonetwork/srv/dut/csw?service=CSW&amp;request=GetRecordById&amp;version=2.0.2&amp;outputSchema=http://www.isotc211.org/2005/gmd&amp;elementSetName=full&amp;id=df15af6e-0d21-4437-a69f-802be3479bba" />
      <srv:operatesOn uuidref="2482250f-3b00-4439-9f93-f3118229b020" xlink:href="https://www.nationaalgeoregister.nl:443/geonetwork/srv/dut/csw?service=CSW&amp;request=GetRecordById&amp;version=2.0.2&amp;outputSchema=http://www.isotc211.org/2005/gmd&amp;elementSetName=full&amp;id=5b274449-b6c2-4672-a32f-e0bd40975a53" />
      <srv:operatesOn uuidref="2482250f-3b00-4439-9f93-f3118229b023" xlink:href="https://www.nationaalgeoregister.nl:443/geonetwork/srv/dut/csw?service=CSW&amp;request=GetRecordById&amp;version=2.0.2&amp;outputSchema=http://www.isotc211.org/2005/gmd&amp;elementSetName=full&amp;id=64ff8561-5c56-4cc1-ae0e-94366fb70b7e" />
      <srv:operatesOn uuidref="2482250f-3b00-4439-9f93-f3118229b026" xlink:href="https://www.nationaalgeoregister.nl/geonetwork/srv/dut/csw?service=CSW&amp;request=GetRecordById&amp;version=2.0.2&amp;outputSchema=http://www.isotc211.org/2005/gmd&amp;elementSetName=full&amp;id=4e2bb25e-a5a9-43a7-986a-40e7aea32e38" />
    </srv:SV_ServiceIdentification>
  </gmd:identificationInfo>
  <gmd:distributionInfo>
    <gmd:MD_Distribution>
      <gmd:distributor xmlns:xs="http://www.w3.org/2001/XMLSchema" xmlns:csw="http://www.opengis.net/cat/csw/2.0.2">
        <gmd:MD_Distributor>
          <gmd:distributorContact>
            <gmd:CI_ResponsibleParty>
              <gmd:individualName />
              <gmd:organisationName />
              <gmd:positionName />
              <gmd:contactInfo />
              <gmd:role />
            </gmd:CI_ResponsibleParty>
          </gmd:distributorContact>
        </gmd:MD_Distributor>
      </gmd:distributor>
      <gmd:transferOptions>
        <gmd:MD_DigitalTransferOptions>
          <gmd:onLine>
            <gmd:CI_OnlineResource>
              <gmd:linkage>
                <gmd:URL>https://service.pdok.nl/hwh/luchtfotorgb/wmts/v1_0?request=GetCapabilities&amp;service=wmts</gmd:URL>
              </gmd:linkage>
              <gmd:protocol>
                <gco:CharacterString>OGC:WMTS</gco:CharacterString>
              </gmd:protocol>
              <gmd:name>
                <gco:CharacterString>2016_ortho25</gco:CharacterString>
              </gmd:name>
              <gmd:description>
                <gco:CharacterString>2016_ortho25</gco:CharacterString>
              </gmd:description>
            </gmd:CI_OnlineResource>
          </gmd:onLine>
          <gmd:onLine>
            <gmd:CI_OnlineResource>
              <gmd:linkage>
                <gmd:URL>https://service.pdok.nl/hwh/luchtfotorgb/wmts/v1_0?request=GetCapabilities&amp;service=wmts</gmd:URL>
              </gmd:linkage>
              <gmd:protocol>
                <gco:CharacterString>OGC:WMTS</gco:CharacterString>
              </gmd:protocol>
              <gmd:name>
                <gco:CharacterString>2017_ortho25</gco:CharacterString>
              </gmd:name>
              <gmd:description>
                <gco:CharacterString>2017_ortho25</gco:CharacterString>
              </gmd:description>
            </gmd:CI_OnlineResource>
          </gmd:onLine>
          <gmd:onLine>
            <gmd:CI_OnlineResource>
              <gmd:linkage>
                <gmd:URL>https://service.pdok.nl/hwh/luchtfotorgb/wmts/v1_0?request=GetCapabilities&amp;service=wmts</gmd:URL>
              </gmd:linkage>
              <gmd:protocol>
                <gco:CharacterString>OGC:WMTS</gco:CharacterString>
              </gmd:protocol>
              <gmd:name>
                <gco:CharacterString>Actueel_ortho25</gco:CharacterString>
              </gmd:name>
              <gmd:description>
                <gco:CharacterString>Actueel_ortho25</gco:CharacterString>
              </gmd:description>
            </gmd:CI_OnlineResource>
          </gmd:onLine>
          <gmd:onLine>
            <gmd:CI_OnlineResource>
              <gmd:linkage>
                <gmd:URL>https://service.pdok.nl/hwh/luchtfotorgb/wmts/v1_0?request=GetCapabilities&amp;service=wmts</gmd:URL>
              </gmd:linkage>
              <gmd:protocol>
                <gco:CharacterString>OGC:WMTS</gco:CharacterString>
              </gmd:protocol>
              <gmd:name>
                <gco:CharacterString>2018_ortho25</gco:CharacterString>
              </gmd:name>
              <gmd:description>
                <gco:CharacterString>2018_ortho25</gco:CharacterString>
              </gmd:description>
            </gmd:CI_OnlineResource>
          </gmd:onLine>
          <gmd:onLine>
            <gmd:CI_OnlineResource>
              <gmd:linkage>
                <gmd:URL>https://service.pdok.nl/hwh/luchtfotorgb/wmts/v1_0?request=GetCapabilities&amp;service=wmts</gmd:URL>
              </gmd:linkage>
              <gmd:protocol>
                <gco:CharacterString>OGC:WMTS</gco:CharacterString>
              </gmd:protocol>
              <gmd:name>
                <gco:CharacterString>2019_ortho25</gco:CharacterString>
              </gmd:name>
              <gmd:description>
                <gco:CharacterString>2019_ortho25</gco:CharacterString>
              </gmd:description>
            </gmd:CI_OnlineResource>
          </gmd:onLine>
          <gmd:onLine>
            <gmd:CI_OnlineResource>
              <gmd:linkage>
                <gmd:URL>https://service.pdok.nl/hwh/luchtfotorgb/wmts/v1_0?request=GetCapabilities&amp;service=wmts</gmd:URL>
              </gmd:linkage>
              <gmd:protocol>
                <gco:CharacterString>OGC:WMTS</gco:CharacterString>
              </gmd:protocol>
              <gmd:name>
                <gco:CharacterString>2020_ortho25</gco:CharacterString>
              </gmd:name>
              <gmd:description>
                <gco:CharacterString>2020_ortho25</gco:CharacterString>
              </gmd:description>
            </gmd:CI_OnlineResource>
          </gmd:onLine>
          <gmd:onLine>
            <gmd:CI_OnlineResource>
              <gmd:linkage>
                <gmd:URL>https://service.pdok.nl/hwh/luchtfotorgb/wmts/v1_0?request=GetCapabilities&amp;service=wmts</gmd:URL>
              </gmd:linkage>
              <gmd:protocol>
                <gco:CharacterString>OGC:WMTS</gco:CharacterString>
              </gmd:protocol>
              <gmd:name>
                <gco:CharacterString>2021_orthoHR</gco:CharacterString>
              </gmd:name>
              <gmd:description>
                <gco:CharacterString>Luchtfoto 2021 Ortho HR</gco:CharacterString>
              </gmd:description>
            </gmd:CI_OnlineResource>
          </gmd:onLine>
          <gmd:onLine>
            <gmd:CI_OnlineResource>
              <gmd:linkage>
                <gmd:URL>https://service.pdok.nl/hwh/luchtfotorgb/wmts/v1_0?request=GetCapabilities&amp;service=wmts</gmd:URL>
              </gmd:linkage>
              <gmd:protocol>
                <gco:CharacterString>OGC:WMTS</gco:CharacterString>
              </gmd:protocol>
              <gmd:name>
                <gco:CharacterString>2021_quick_orthoHR</gco:CharacterString>
              </gmd:name>
              <gmd:description>
                <gco:CharacterString>Luchtfoto 2021 Quick Ortho HR</gco:CharacterString>
              </gmd:description>
            </gmd:CI_OnlineResource>
          </gmd:onLine>
        </gmd:MD_DigitalTransferOptions>
      </gmd:transferOptions>
    </gmd:MD_Distribution>
  </gmd:distributionInfo>
  <gmd:dataQualityInfo xmlns:xs="http://www.w3.org/2001/XMLSchema" xmlns:csw="http://www.opengis.net/cat/csw/2.0.2">
    <gmd:DQ_DataQuality>
      <gmd:scope>
        <gmd:DQ_Scope>
          <gmd:level>
            <gmd:MD_ScopeCode codeList="http://standards.iso.org/iso/19139/resources/gmxCodelists.xml#MD_ScopeCode" codeListValue="service" />
          </gmd:level>
        </gmd:DQ_Scope>
      </gmd:scope>
    </gmd:DQ_DataQuality>
  </gmd:dataQualityInfo>
</gmd:MD_Metadata>