<?xml version="1.0" encoding="UTF-8"?>
<gmd:MD_Metadata xmlns:gmd="http://www.isotc211.org/2005/gmd" xmlns:xsi="http://www.w3.org/2001/XMLSchema-instance" xmlns:gco="http://www.isotc211.org/2005/gco" xmlns:srv="http://www.isotc211.org/2005/srv" xmlns:gmx="http://www.isotc211.org/2005/gmx" xmlns:gts="http://www.isotc211.org/2005/gts" xmlns:gsr="http://www.isotc211.org/2005/gsr" xmlns:gmi="http://www.isotc211.org/2005/gmi" xmlns:gml="http://www.opengis.net/gml" xmlns:xlink="http://www.w3.org/1999/xlink" xmlns:geonet="http://www.fao.org/geonetwork" xsi:schemaLocation="http://www.isotc211.org/2005/gmd http://schemas.opengis.net/iso/19139/20060504/gmd/gmd.xsd http://www.isotc211.org/2005/srv http://schemas.opengis.net/iso/19139/20060504/srv/srv.xsd http://www.isotc211.org/2005/gmd http://schemas.opengis.net/csw/2.0.2/profiles/apiso/1.0.0/apiso.xsd">
  <gmd:fileIdentifier>
    <gco:CharacterString>261bdd96-88ff-45b3-8fce-1a8081255030</gco:CharacterString>
  </gmd:fileIdentifier>
  <gmd:language xmlns:csw="http://www.opengis.net/cat/csw/2.0.2">
    <gmd:LanguageCode codeList="http://www.loc.gov/standards/iso639-2/" codeListValue="dut" />
  </gmd:language>
  <gmd:characterSet xmlns:csw="http://www.opengis.net/cat/csw/2.0.2">
    <gmd:MD_CharacterSetCode codeList="http://standards.iso.org/iso/19139/resources/gmxCodelists.xml#MD_CharacterSetCode" codeListValue="" />
  </gmd:characterSet>
  <gmd:hierarchyLevel xmlns:csw="http://www.opengis.net/cat/csw/2.0.2">
    <gmd:MD_ScopeCode codeList="http://standards.iso.org/iso/19139/resources/gmxCodelists.xml#MD_ScopeCode" codeListValue="service" />
  </gmd:hierarchyLevel>
  <gmd:contact xmlns:csw="http://www.opengis.net/cat/csw/2.0.2">
    <gmd:CI_ResponsibleParty>
      <gmd:individualName gco:nilReason="missing">
        <gco:CharacterString />
      </gmd:individualName>
      <gmd:organisationName>
        <gco:CharacterString>Fugro GeoServices B.V.</gco:CharacterString>
      </gmd:organisationName>
      <gmd:positionName gco:nilReason="missing">
        <gco:CharacterString />
      </gmd:positionName>
      <gmd:contactInfo>
        <gmd:CI_Contact>
          <gmd:phone>
            <gmd:CI_Telephone>
              <gmd:voice gco:nilReason="missing">
                <gco:CharacterString />
              </gmd:voice>
              <gmd:facsimile gco:nilReason="missing">
                <gco:CharacterString />
              </gmd:facsimile>
            </gmd:CI_Telephone>
          </gmd:phone>
          <gmd:address>
            <gmd:CI_Address>
              <gmd:deliveryPoint gco:nilReason="missing">
                <gco:CharacterString />
              </gmd:deliveryPoint>
              <gmd:city gco:nilReason="missing">
                <gco:CharacterString />
              </gmd:city>
              <gmd:administrativeArea gco:nilReason="missing">
                <gco:CharacterString />
              </gmd:administrativeArea>
              <gmd:postalCode gco:nilReason="missing">
                <gco:CharacterString />
              </gmd:postalCode>
              <gmd:country gco:nilReason="missing">
                <gco:CharacterString />
              </gmd:country>
              <gmd:electronicMailAddress>
                <gco:CharacterString>servicedesk-geo@fugro.com</gco:CharacterString>
              </gmd:electronicMailAddress>
            </gmd:CI_Address>
          </gmd:address>
          <gmd:onlineResource>
            <gmd:CI_OnlineResource>
              <gmd:linkage>
                <gmd:URL />
              </gmd:linkage>
            </gmd:CI_OnlineResource>
          </gmd:onlineResource>
        </gmd:CI_Contact>
      </gmd:contactInfo>
      <gmd:role>
        <gmd:CI_RoleCode codeListValue="pointOfContact" codeList="http://standards.iso.org/iso/19139/resources/gmxCodelists.xml#CI_RoleCode" />
      </gmd:role>
    </gmd:CI_ResponsibleParty>
  </gmd:contact>
  <gmd:dateStamp>
    <gco:Date>2021-01-07</gco:Date>
  </gmd:dateStamp>
  <gmd:metadataStandardName xmlns:csw="http://www.opengis.net/cat/csw/2.0.2">
    <gco:CharacterString>ISO 19119</gco:CharacterString>
  </gmd:metadataStandardName>
  <gmd:metadataStandardVersion xmlns:csw="http://www.opengis.net/cat/csw/2.0.2">
    <gco:CharacterString>Nederlands metadata profiel op ISO 19119 voor services 1.2.1</gco:CharacterString>
  </gmd:metadataStandardVersion>
  <gmd:identificationInfo xmlns:csw="http://www.opengis.net/cat/csw/2.0.2">
    <srv:SV_ServiceIdentification>
      <gmd:citation>
        <gmd:CI_Citation>
          <gmd:title>
            <gco:CharacterString>Fugro INSPIRE View service voor Nutsdiensten en overheidsdiensten</gco:CharacterString>
          </gmd:title>
          <gmd:date>
            <gmd:CI_Date>
              <gmd:date>
                <gco:Date>2016-06-21</gco:Date>
              </gmd:date>
              <gmd:dateType>
                <gmd:CI_DateTypeCode codeList="http://standards.iso.org/iso/19139/resources/gmxCodelists.xml#CI_DateTypeCode" codeListValue="creation" />
              </gmd:dateType>
            </gmd:CI_Date>
          </gmd:date>
        </gmd:CI_Citation>
      </gmd:citation>
      <gmd:abstract>
        <gco:CharacterString>Deze View service is gebaseerd op de geharmoniseerde datasets voor Nutsdiensten en overheidsdiensten. Onderdeel van deze View service zijn datasets voor Elektriciteit, Petrochemie, Riolering, Warmte en Water</gco:CharacterString>
      </gmd:abstract>
      <gmd:pointOfContact>
        <gmd:CI_ResponsibleParty>
          <gmd:individualName gco:nilReason="missing">
            <gco:CharacterString />
          </gmd:individualName>
          <gmd:organisationName>
            <gco:CharacterString>Fugro GeoServices B.V.</gco:CharacterString>
          </gmd:organisationName>
          <gmd:positionName gco:nilReason="missing">
            <gco:CharacterString />
          </gmd:positionName>
          <gmd:contactInfo>
            <gmd:CI_Contact>
              <gmd:phone>
                <gmd:CI_Telephone>
                  <gmd:voice gco:nilReason="missing">
                    <gco:CharacterString />
                  </gmd:voice>
                  <gmd:facsimile gco:nilReason="missing">
                    <gco:CharacterString />
                  </gmd:facsimile>
                </gmd:CI_Telephone>
              </gmd:phone>
              <gmd:address>
                <gmd:CI_Address>
                  <gmd:deliveryPoint gco:nilReason="missing">
                    <gco:CharacterString />
                  </gmd:deliveryPoint>
                  <gmd:city gco:nilReason="missing">
                    <gco:CharacterString />
                  </gmd:city>
                  <gmd:administrativeArea gco:nilReason="missing">
                    <gco:CharacterString />
                  </gmd:administrativeArea>
                  <gmd:postalCode gco:nilReason="missing">
                    <gco:CharacterString />
                  </gmd:postalCode>
                  <gmd:country gco:nilReason="missing">
                    <gco:CharacterString />
                  </gmd:country>
                  <gmd:electronicMailAddress>
                    <gco:CharacterString>servicedesk-geo@fugro.com</gco:CharacterString>
                  </gmd:electronicMailAddress>
                </gmd:CI_Address>
              </gmd:address>
              <gmd:onlineResource>
                <gmd:CI_OnlineResource>
                  <gmd:linkage>
                    <gmd:URL />
                  </gmd:linkage>
                </gmd:CI_OnlineResource>
              </gmd:onlineResource>
            </gmd:CI_Contact>
          </gmd:contactInfo>
          <gmd:role>
            <gmd:CI_RoleCode codeListValue="pointOfContact" codeList="http://standards.iso.org/iso/19139/resources/gmxCodelists.xml#CI_RoleCode" />
          </gmd:role>
        </gmd:CI_ResponsibleParty>
      </gmd:pointOfContact>
      <gmd:descriptiveKeywords>
        <gmd:MD_Keywords>
          <gmd:keyword>
            <gco:CharacterString>Nutsdiensten en overheidsdiensten</gco:CharacterString>
          </gmd:keyword>
          <gmd:type>
            <gmd:MD_KeywordTypeCode codeList="http://standards.iso.org/iso/19139/resources/gmxCodelists.xml#MD_KeywordTypeCode" codeListValue="theme" />
          </gmd:type>
          <gmd:thesaurusName>
            <gmd:CI_Citation>
              <gmd:title>
                <gco:CharacterString>GEMET - INSPIRE themes, version 1.0, 2008-06-01</gco:CharacterString>
              </gmd:title>
              <gmd:date>
                <gmd:CI_Date>
                  <gmd:date>
                    <gco:Date>2008-06-01</gco:Date>
                  </gmd:date>
                  <gmd:dateType>
                    <gmd:CI_DateTypeCode codeList="http://standards.iso.org/iso/19139/resources/gmxCodelists.xml#CI_DateTypeCode" codeListValue="publication" />
                  </gmd:dateType>
                </gmd:CI_Date>
              </gmd:date>
            </gmd:CI_Citation>
          </gmd:thesaurusName>
        </gmd:MD_Keywords>
      </gmd:descriptiveKeywords>
      <gmd:resourceConstraints>
        <gmd:MD_Constraints>
          <gmd:useLimitation>
            <gco:CharacterString>Vrij om te gebruiken en te downloaden</gco:CharacterString>
          </gmd:useLimitation>
        </gmd:MD_Constraints>
      </gmd:resourceConstraints>
      <gmd:resourceConstraints>
        <gmd:MD_LegalConstraints>
          <gmd:accessConstraints>
            <gmd:MD_RestrictionCode codeList="http://standards.iso.org/iso/19139/resources/gmxCodelists.xml#MD_RestrictionCode" codeListValue="otherRestrictions" />
          </gmd:accessConstraints>
          <gmd:otherConstraints>
            <gco:CharacterString>Geen beperkingen</gco:CharacterString>
          </gmd:otherConstraints>
          <gmd:otherConstraints>
            <gco:CharacterString>http://creativecommons.org/publicdomain/mark/1.0/deed.nl</gco:CharacterString>
          </gmd:otherConstraints>
        </gmd:MD_LegalConstraints>
      </gmd:resourceConstraints>
      <gmd:resourceConstraints>
        <gmd:MD_SecurityConstraints>
          <gmd:classification>
            <gmd:MD_ClassificationCode codeList="http://standards.iso.org/iso/19139/resources/gmxCodelists.xml#MD_ClassificationCode" codeListValue="unclassified" />
          </gmd:classification>
        </gmd:MD_SecurityConstraints>
      </gmd:resourceConstraints>
      <srv:serviceType>
        <gco:LocalName>view</gco:LocalName>
      </srv:serviceType>
      <srv:extent>
        <gmd:EX_Extent>
          <gmd:geographicElement>
            <gmd:EX_GeographicBoundingBox>
              <gmd:westBoundLongitude>
                <gco:Decimal>3.37087</gco:Decimal>
              </gmd:westBoundLongitude>
              <gmd:eastBoundLongitude>
                <gco:Decimal>7.21097</gco:Decimal>
              </gmd:eastBoundLongitude>
              <gmd:southBoundLatitude>
                <gco:Decimal>50.7539</gco:Decimal>
              </gmd:southBoundLatitude>
              <gmd:northBoundLatitude>
                <gco:Decimal>53.4658</gco:Decimal>
              </gmd:northBoundLatitude>
            </gmd:EX_GeographicBoundingBox>
          </gmd:geographicElement>
          <gmd:temporalElement>
            <gmd:EX_TemporalExtent>
              <gmd:extent>
                <gml:TimePeriod gml:id="N10259">
                  <gml:begin>
                    <gml:TimeInstant gml:id="N1025E">
                      <gml:timePosition />
                    </gml:TimeInstant>
                  </gml:begin>
                  <gml:end>
                    <gml:TimeInstant gml:id="N10267">
                      <gml:timePosition />
                    </gml:TimeInstant>
                  </gml:end>
                </gml:TimePeriod>
              </gmd:extent>
            </gmd:EX_TemporalExtent>
          </gmd:temporalElement>
        </gmd:EX_Extent>
      </srv:extent>
      <srv:coupledResource>
        <srv:SV_CoupledResource>
          <srv:operationName>
            <gco:CharacterString>GetMap</gco:CharacterString>
          </srv:operationName>
          <srv:identifier>
            <gco:CharacterString>6CA8F1A6-9B83-4457-9393-DD79D6B105B8</gco:CharacterString>
          </srv:identifier>
          <gco:ScopedName codeSpace="">US.WaterNetwork</gco:ScopedName>
        </srv:SV_CoupledResource>
      </srv:coupledResource>
      <srv:coupledResource>
        <srv:SV_CoupledResource>
          <srv:operationName>
            <gco:CharacterString>GetFeatureInfo</gco:CharacterString>
          </srv:operationName>
          <srv:identifier>
            <gco:CharacterString>6CA8F1A6-9B83-4457-9393-DD79D6B105B8</gco:CharacterString>
          </srv:identifier>
          <gco:ScopedName codeSpace="">US.WaterNetwork</gco:ScopedName>
        </srv:SV_CoupledResource>
      </srv:coupledResource>
      <srv:coupledResource>
        <srv:SV_CoupledResource>
          <srv:operationName>
            <gco:CharacterString>GetCapabilities</gco:CharacterString>
          </srv:operationName>
          <srv:identifier>
            <gco:CharacterString>6CA8F1A6-9B83-4457-9393-DD79D6B105B8</gco:CharacterString>
          </srv:identifier>
          <gco:ScopedName codeSpace="">US.WaterNetwork</gco:ScopedName>
        </srv:SV_CoupledResource>
      </srv:coupledResource>
      <srv:coupledResource>
        <srv:SV_CoupledResource>
          <srv:operationName>
            <gco:CharacterString>GetMap</gco:CharacterString>
          </srv:operationName>
          <srv:identifier>
            <gco:CharacterString>6CA8F1A6-9B83-4457-9393-DD79D6B105B8</gco:CharacterString>
          </srv:identifier>
          <gco:ScopedName codeSpace="">US.SewerNetwork</gco:ScopedName>
        </srv:SV_CoupledResource>
      </srv:coupledResource>
      <srv:coupledResource>
        <srv:SV_CoupledResource>
          <srv:operationName>
            <gco:CharacterString>GetFeatureInfo</gco:CharacterString>
          </srv:operationName>
          <srv:identifier>
            <gco:CharacterString>6CA8F1A6-9B83-4457-9393-DD79D6B105B8</gco:CharacterString>
          </srv:identifier>
          <gco:ScopedName codeSpace="">US.SewerNetwork</gco:ScopedName>
        </srv:SV_CoupledResource>
      </srv:coupledResource>
      <srv:coupledResource>
        <srv:SV_CoupledResource>
          <srv:operationName>
            <gco:CharacterString>GetCapabilities</gco:CharacterString>
          </srv:operationName>
          <srv:identifier>
            <gco:CharacterString>6CA8F1A6-9B83-4457-9393-DD79D6B105B8</gco:CharacterString>
          </srv:identifier>
          <gco:ScopedName codeSpace="">US.SewerNetwork</gco:ScopedName>
        </srv:SV_CoupledResource>
      </srv:coupledResource>
      <srv:coupledResource>
        <srv:SV_CoupledResource>
          <srv:operationName>
            <gco:CharacterString>GetMap</gco:CharacterString>
          </srv:operationName>
          <srv:identifier>
            <gco:CharacterString>6CA8F1A6-9B83-4457-9393-DD79D6B105B8</gco:CharacterString>
          </srv:identifier>
          <gco:ScopedName codeSpace="">US.ElectricityNetwork</gco:ScopedName>
        </srv:SV_CoupledResource>
      </srv:coupledResource>
      <srv:coupledResource>
        <srv:SV_CoupledResource>
          <srv:operationName>
            <gco:CharacterString>GetFeatureInfo</gco:CharacterString>
          </srv:operationName>
          <srv:identifier>
            <gco:CharacterString>6CA8F1A6-9B83-4457-9393-DD79D6B105B8</gco:CharacterString>
          </srv:identifier>
          <gco:ScopedName codeSpace="">US.ElectricityNetwork</gco:ScopedName>
        </srv:SV_CoupledResource>
      </srv:coupledResource>
      <srv:coupledResource>
        <srv:SV_CoupledResource>
          <srv:operationName>
            <gco:CharacterString>GetCapabilities</gco:CharacterString>
          </srv:operationName>
          <srv:identifier>
            <gco:CharacterString>6CA8F1A6-9B83-4457-9393-DD79D6B105B8</gco:CharacterString>
          </srv:identifier>
          <gco:ScopedName codeSpace="">US.ElectricityNetwork</gco:ScopedName>
        </srv:SV_CoupledResource>
      </srv:coupledResource>
      <srv:coupledResource>
        <srv:SV_CoupledResource>
          <srv:operationName>
            <gco:CharacterString>GetMap</gco:CharacterString>
          </srv:operationName>
          <srv:identifier>
            <gco:CharacterString>6CA8F1A6-9B83-4457-9393-DD79D6B105B8</gco:CharacterString>
          </srv:identifier>
          <gco:ScopedName codeSpace="">US.UtilityNetwork</gco:ScopedName>
        </srv:SV_CoupledResource>
      </srv:coupledResource>
      <srv:coupledResource>
        <srv:SV_CoupledResource>
          <srv:operationName>
            <gco:CharacterString>GetFeatureInfo</gco:CharacterString>
          </srv:operationName>
          <srv:identifier>
            <gco:CharacterString>6CA8F1A6-9B83-4457-9393-DD79D6B105B8</gco:CharacterString>
          </srv:identifier>
          <gco:ScopedName codeSpace="">US.UtilityNetwork</gco:ScopedName>
        </srv:SV_CoupledResource>
      </srv:coupledResource>
      <srv:coupledResource>
        <srv:SV_CoupledResource>
          <srv:operationName>
            <gco:CharacterString>GetCapabilities</gco:CharacterString>
          </srv:operationName>
          <srv:identifier>
            <gco:CharacterString>6CA8F1A6-9B83-4457-9393-DD79D6B105B8</gco:CharacterString>
          </srv:identifier>
          <gco:ScopedName codeSpace="">US.UtilityNetwork</gco:ScopedName>
        </srv:SV_CoupledResource>
      </srv:coupledResource>
      <srv:couplingType>
        <srv:SV_CouplingType codeList="http://www.isotc211.org/2005/iso19119/resources/Codelist/gmxCodelists.xml#SV_CouplingType" codeListValue="tight" />
      </srv:couplingType>
      <srv:containsOperations>
        <srv:SV_OperationMetadata>
          <srv:operationName>
            <gco:CharacterString>GetMap</gco:CharacterString>
          </srv:operationName>
          <srv:DCP>
            <srv:DCPList codeList="http://www.isotc211.org/2005/iso19119/resources/Codelist/gmxCodelists.xml#DCPList" codeListValue="WebServices" />
          </srv:DCP>
          <srv:connectPoint>
            <gmd:CI_OnlineResource>
              <gmd:linkage>
                <gmd:URL>https://www.wion-inspire.nl/geoserver/inspire/wms?</gmd:URL>
              </gmd:linkage>
              <gmd:protocol>
                <gco:CharacterString>OGC:WMS</gco:CharacterString>
              </gmd:protocol>
              <gmd:description>
                <gco:CharacterString>OGC:WMS, operation: GetMap</gco:CharacterString>
              </gmd:description>
            </gmd:CI_OnlineResource>
          </srv:connectPoint>
        </srv:SV_OperationMetadata>
      </srv:containsOperations>
      <srv:containsOperations>
        <srv:SV_OperationMetadata>
          <srv:operationName>
            <gco:CharacterString>GetCapabilities</gco:CharacterString>
          </srv:operationName>
          <srv:DCP>
            <srv:DCPList codeList="http://www.isotc211.org/2005/iso19119/resources/Codelist/gmxCodelists.xml#DCPList" codeListValue="WebServices" />
          </srv:DCP>
          <srv:connectPoint>
            <gmd:CI_OnlineResource>
              <gmd:linkage>
                <gmd:URL>https://www.wion-inspire.nl/geoserver/inspire/wms?</gmd:URL>
              </gmd:linkage>
              <gmd:protocol>
                <gco:CharacterString>OGC:WMS</gco:CharacterString>
              </gmd:protocol>
              <gmd:description>
                <gco:CharacterString>OGC:WMS, operation: GetCapabilities</gco:CharacterString>
              </gmd:description>
            </gmd:CI_OnlineResource>
          </srv:connectPoint>
        </srv:SV_OperationMetadata>
      </srv:containsOperations>
      <srv:containsOperations>
        <srv:SV_OperationMetadata>
          <srv:operationName>
            <gco:CharacterString>GetFeatureInfo</gco:CharacterString>
          </srv:operationName>
          <srv:DCP>
            <srv:DCPList codeList="http://www.isotc211.org/2005/iso19119/resources/Codelist/gmxCodelists.xml#DCPList" codeListValue="WebServices" />
          </srv:DCP>
          <srv:connectPoint>
            <gmd:CI_OnlineResource>
              <gmd:linkage>
                <gmd:URL>https://www.wion-inspire.nl/geoserver/inspire/wms?</gmd:URL>
              </gmd:linkage>
              <gmd:protocol>
                <gco:CharacterString>OGC:WMS</gco:CharacterString>
              </gmd:protocol>
              <gmd:description>
                <gco:CharacterString>OGC:WMS, operation: GetFeatureInfo</gco:CharacterString>
              </gmd:description>
            </gmd:CI_OnlineResource>
          </srv:connectPoint>
        </srv:SV_OperationMetadata>
      </srv:containsOperations>
      <srv:operatesOn uuidref="6CA8F1A6-9B83-4457-9393-DD79D6B105B8" xlink:href="http://www.nationaalgeoregister.nl/geonetwork/srv/dut/csw?service=CSW&amp;request=GetRecordById&amp;version=2.0.2&amp;outputSchema=http://www.isotc211.org/2005/gmd&amp;elementSetName=full&amp;id=cdcad495-6924-4036-9265-468765bf2de6" />
    </srv:SV_ServiceIdentification>
  </gmd:identificationInfo>
  <gmd:distributionInfo xmlns:csw="http://www.opengis.net/cat/csw/2.0.2">
    <gmd:MD_Distribution>
      <gmd:transferOptions>
        <gmd:MD_DigitalTransferOptions>
          <gmd:onLine>
            <gmd:CI_OnlineResource>
              <gmd:linkage>
                <gmd:URL>https://www.wion-inspire.nl/geoserver/inspire/wms?</gmd:URL>
              </gmd:linkage>
              <gmd:protocol>
                <gco:CharacterString>OGC:WMS</gco:CharacterString>
              </gmd:protocol>
            </gmd:CI_OnlineResource>
          </gmd:onLine>
        </gmd:MD_DigitalTransferOptions>
      </gmd:transferOptions>
    </gmd:MD_Distribution>
  </gmd:distributionInfo>
  <gmd:dataQualityInfo xmlns:csw="http://www.opengis.net/cat/csw/2.0.2">
    <gmd:DQ_DataQuality>
      <gmd:scope>
        <gmd:DQ_Scope>
          <gmd:level>
            <gmd:MD_ScopeCode codeList="http://standards.iso.org/iso/19139/resources/gmxCodelists.xml#MD_ScopeCode" codeListValue="service" />
          </gmd:level>
        </gmd:DQ_Scope>
      </gmd:scope>
      <gmd:report>
        <gmd:DQ_DomainConsistency>
          <gmd:result>
            <gmd:DQ_ConformanceResult>
              <gmd:specification>
                <gmd:CI_Citation>
                  <gmd:title>
                    <gco:CharacterString>VERORDENING (EU) Nr. 1089/2010 VAN DE COMMISSIE van 23 november 2010 ter uitvoering van Richtlijn 2007/2/EG van het Europees Parlement en de Raad betreffende de interoperabiliteit van verzamelingen ruimtelijke gegevens en van diensten met betrekking tot ruimtelijke gegevens</gco:CharacterString>
                  </gmd:title>
                  <gmd:date>
                    <gmd:CI_Date>
                      <gmd:date>
                        <gco:Date>2010-12-08</gco:Date>
                      </gmd:date>
                      <gmd:dateType>
                        <gmd:CI_DateTypeCode codeList="http://standards.iso.org/iso/19139/resources/gmxCodelists.xml#CI_DateTypeCode" codeListValue="publication" />
                      </gmd:dateType>
                    </gmd:CI_Date>
                  </gmd:date>
                </gmd:CI_Citation>
              </gmd:specification>
              <gmd:explanation>
                <gco:CharacterString>Resultaat conform de specificatie</gco:CharacterString>
              </gmd:explanation>
              <gmd:pass>
                <gco:Boolean>true</gco:Boolean>
              </gmd:pass>
            </gmd:DQ_ConformanceResult>
          </gmd:result>
        </gmd:DQ_DomainConsistency>
      </gmd:report>
    </gmd:DQ_DataQuality>
  </gmd:dataQualityInfo>
</gmd:MD_Metadata>