<?xml version="1.0" encoding="UTF-8"?>
<gmd:MD_Metadata xmlns:gmd="http://www.isotc211.org/2005/gmd" xmlns:gco="http://www.isotc211.org/2005/gco" xmlns:gmx="http://www.isotc211.org/2005/gmx" xmlns:gts="http://www.isotc211.org/2005/gts" xmlns:srv="http://www.isotc211.org/2005/srv" xmlns:gml="http://www.opengis.net/gml" xmlns:xlink="http://www.w3.org/1999/xlink" xmlns:xsi="http://www.w3.org/2001/XMLSchema-instance" xmlns:geonet="http://www.fao.org/geonetwork" xsi:schemaLocation="http://www.isotc211.org/2005/gmd http://schemas.opengis.net/iso/19139/20060504/gmd/gmd.xsd http://www.isotc211.org/2005/gmx http://schemas.opengis.net/iso/19139/20060504/gmx/gmx.xsd">
  <gmd:fileIdentifier>
    <gco:CharacterString>28be20b0-1790-47f0-aa48-f9d5fed44de4</gco:CharacterString>
  </gmd:fileIdentifier>
  <gmd:language>
    <gmd:LanguageCode codeList="http://www.loc.gov/standards/iso639-2/" codeListValue="dut" codeSpace="ISO639-2">Nederlands; Vlaams</gmd:LanguageCode>
  </gmd:language>
  <gmd:characterSet>
    <gmd:MD_CharacterSetCode codeList="http://standards.iso.org/ittf/PubliclyAvailableStandards/ISO_19139_Schemas/resources/codelist/ML_gmxCodelists.xml#MD_CharacterSetCode" codeListValue="utf8" codeSpace="ISOTC211/19115">utf8</gmd:MD_CharacterSetCode>
  </gmd:characterSet>
  <gmd:hierarchyLevel>
    <gmd:MD_ScopeCode codeList="http://standards.iso.org/ittf/PubliclyAvailableStandards/ISO_19139_Schemas/resources/codelist/ML_gmxCodelists.xml#MD_ScopeCode" codeListValue="dataset" codeSpace="ISOTC211/19115">dataset</gmd:MD_ScopeCode>
  </gmd:hierarchyLevel>
  <gmd:hierarchyLevelName>
    <gco:CharacterString>dataset</gco:CharacterString>
  </gmd:hierarchyLevelName>
  <gmd:contact>
    <gmd:CI_ResponsibleParty>
      <gmd:individualName>
        <gco:CharacterString>Afdeling iNFO</gco:CharacterString>
      </gmd:individualName>
      <gmd:organisationName>
        <gco:CharacterString>Provincie Groningen</gco:CharacterString>
      </gmd:organisationName>
      <gmd:positionName>
        <gco:CharacterString>GIS-team</gco:CharacterString>
      </gmd:positionName>
      <gmd:contactInfo>
        <gmd:CI_Contact>
          <gmd:phone>
            <gmd:CI_Telephone>
              <gmd:voice>
                <gco:CharacterString>050-3164911</gco:CharacterString>
              </gmd:voice>
            </gmd:CI_Telephone>
          </gmd:phone>
          <gmd:address>
            <gmd:CI_Address>
              <gmd:deliveryPoint>
                <gco:CharacterString>Sint Jansstraat 4</gco:CharacterString>
              </gmd:deliveryPoint>
              <gmd:city>
                <gco:CharacterString>Groningen</gco:CharacterString>
              </gmd:city>
              <gmd:administrativeArea>
                <gco:CharacterString>Groningen</gco:CharacterString>
              </gmd:administrativeArea>
              <gmd:postalCode>
                <gco:CharacterString>9712 JN</gco:CharacterString>
              </gmd:postalCode>
              <gmd:country>
                <gco:CharacterString>NL</gco:CharacterString>
              </gmd:country>
              <gmd:electronicMailAddress>
                <gco:CharacterString>geoportaal@provinciegroningen.nl</gco:CharacterString>
              </gmd:electronicMailAddress>
            </gmd:CI_Address>
          </gmd:address>
          <gmd:onlineResource>
            <gmd:CI_OnlineResource>
              <gmd:linkage>
                <gmd:URL>https://www.provinciegroningen.nl/</gmd:URL>
              </gmd:linkage>
            </gmd:CI_OnlineResource>
          </gmd:onlineResource>
        </gmd:CI_Contact>
      </gmd:contactInfo>
      <gmd:role>
        <gmd:CI_RoleCode codeList="http://standards.iso.org/ittf/PubliclyAvailableStandards/ISO_19139_Schemas/resources/codelist/ML_gmxCodelists.xml#CI_RoleCode" codeListValue="pointOfContact" codeSpace="ISOTC211/19115">contactpunt</gmd:CI_RoleCode>
      </gmd:role>
    </gmd:CI_ResponsibleParty>
  </gmd:contact>
  <gmd:dateStamp>
    <gco:Date>2021-08-23</gco:Date>
  </gmd:dateStamp>
  <gmd:metadataStandardName>
    <gco:CharacterString>ISO 19115</gco:CharacterString>
  </gmd:metadataStandardName>
  <gmd:metadataStandardVersion>
    <gco:CharacterString>Nederlands metadata profiel op ISO 19115 voor geografie 2.1.0</gco:CharacterString>
  </gmd:metadataStandardVersion>
  <gmd:spatialRepresentationInfo>
    <gmd:MD_VectorSpatialRepresentation>
      <gmd:topologyLevel>
        <gmd:MD_TopologyLevelCode codeList="http://standards.iso.org/ittf/PubliclyAvailableStandards/ISO_19139_Schemas/resources/codelist/ML_gmxCodelists.xml#MD_TopologyLevelCode" codeListValue="geometryOnly" codeSpace="ISOTC211/19115">geometryOnly</gmd:MD_TopologyLevelCode>
      </gmd:topologyLevel>
      <gmd:geometricObjects>
        <gmd:MD_GeometricObjects>
          <gmd:geometricObjectType>
            <gmd:MD_GeometricObjectTypeCode codeList="http://standards.iso.org/ittf/PubliclyAvailableStandards/ISO_19139_Schemas/resources/codelist/ML_gmxCodelists.xml#MD_GeometricObjectTypeCode" codeListValue="composite" codeSpace="ISOTC211/19115">composite</gmd:MD_GeometricObjectTypeCode>
          </gmd:geometricObjectType>
          <gmd:geometricObjectCount>
            <gco:Integer>8346</gco:Integer>
          </gmd:geometricObjectCount>
        </gmd:MD_GeometricObjects>
      </gmd:geometricObjects>
    </gmd:MD_VectorSpatialRepresentation>
  </gmd:spatialRepresentationInfo>
  <gmd:referenceSystemInfo>
    <gmd:MD_ReferenceSystem>
      <gmd:referenceSystemIdentifier>
        <gmd:RS_Identifier>
          <gmd:code>
            <gco:CharacterString>https://www.opengis.net/def/crs/EPSG/0/28992</gco:CharacterString>
          </gmd:code>
          <gmd:codeSpace>
            <gco:CharacterString>EPSG</gco:CharacterString>
          </gmd:codeSpace>
          <gmd:version>
            <gco:CharacterString>6.7(8.0.1)</gco:CharacterString>
          </gmd:version>
        </gmd:RS_Identifier>
      </gmd:referenceSystemIdentifier>
    </gmd:MD_ReferenceSystem>
  </gmd:referenceSystemInfo>
  <gmd:identificationInfo>
    <gmd:MD_DataIdentification>
      <gmd:citation>
        <gmd:CI_Citation>
          <gmd:title>
            <gco:CharacterString>Natuurbeheerplan 2021 - Zoekgebied Water</gco:CharacterString>
          </gmd:title>
          <gmd:alternateTitle>
            <gco:CharacterString>Geomagazijn.GEO.NAT_NBP2021_ZOEKGEBIEDWATER</gco:CharacterString>
          </gmd:alternateTitle>
          <gmd:date>
            <gmd:CI_Date>
              <gmd:date>
                <gco:Date>2020-04-14</gco:Date>
              </gmd:date>
              <gmd:dateType>
                <gmd:CI_DateTypeCode codeList="http://standards.iso.org/ittf/PubliclyAvailableStandards/ISO_19139_Schemas/resources/codelist/ML_gmxCodelists.xml#CI_DateTypeCode" codeListValue="creation" codeSpace="ISOTC211/19115">creatie</gmd:CI_DateTypeCode>
              </gmd:dateType>
            </gmd:CI_Date>
          </gmd:date>
          <gmd:date>
            <gmd:CI_Date>
              <gmd:date>
                <gco:Date>2020-04-20</gco:Date>
              </gmd:date>
              <gmd:dateType>
                <gmd:CI_DateTypeCode codeList="http://standards.iso.org/ittf/PubliclyAvailableStandards/ISO_19139_Schemas/resources/codelist/ML_gmxCodelists.xml#CI_DateTypeCode" codeListValue="publication" codeSpace="ISOTC211/19115">publicatie</gmd:CI_DateTypeCode>
              </gmd:dateType>
            </gmd:CI_Date>
          </gmd:date>
          <gmd:date>
            <gmd:CI_Date>
              <gmd:date>
                <gco:Date>2020-04-17</gco:Date>
              </gmd:date>
              <gmd:dateType>
                <gmd:CI_DateTypeCode codeList="http://standards.iso.org/ittf/PubliclyAvailableStandards/ISO_19139_Schemas/resources/codelist/ML_gmxCodelists.xml#CI_DateTypeCode" codeListValue="revision" codeSpace="ISOTC211/19115">revisie</gmd:CI_DateTypeCode>
              </gmd:dateType>
            </gmd:CI_Date>
          </gmd:date>
          <gmd:identifier>
            <gmd:MD_Identifier>
              <gmd:code>
                <gco:CharacterString>2f0266d1-aece-46e4-90c0-981b101e066a</gco:CharacterString>
              </gmd:code>
            </gmd:MD_Identifier>
          </gmd:identifier>
          <gmd:presentationForm>
            <gmd:CI_PresentationFormCode codeList="http://standards.iso.org/ittf/PubliclyAvailableStandards/ISO_19139_Schemas/resources/codelist/ML_gmxCodelists.xml#CI_PresentationFormCode" codeListValue="mapDigital" codeSpace="ISOTC211/19115">mapDigital</gmd:CI_PresentationFormCode>
          </gmd:presentationForm>
        </gmd:CI_Citation>
      </gmd:citation>
      <gmd:abstract>
        <gco:CharacterString>Het Natuurbeheerplan (NBP) is het provinciaal plandocument waarin op basis van een afgestemde ambitie de overeengekomen doelen op het gebied van (agrarisch) natuur- en landschapsbeheer zijn vastgelegd.  Met het zoekgebied water geeft de provincie het begrensde zoekgebied weer waarbinnen subsidie voor waterbeheertypen kan worden aangevraagd. Geomagazijn.GEO.NAT_NBP2021_ZOEKGEBIEDWATER</gco:CharacterString>
      </gmd:abstract>
      <gmd:purpose>
        <gco:CharacterString>Het natuurbeheerplan heeft een prominente rol bij de sturing van doelen, de financiering van de maatregelen, de procesmatige voorwaarden voor subsidieverlening, monitoring en evaluatie.</gco:CharacterString>
      </gmd:purpose>
      <gmd:status>
        <gmd:MD_ProgressCode codeList="http://standards.iso.org/ittf/PubliclyAvailableStandards/ISO_19139_Schemas/resources/codelist/ML_gmxCodelists.xml#MD_ProgressCode" codeListValue="completed" codeSpace="ISOTC211/19115">compleet</gmd:MD_ProgressCode>
      </gmd:status>
      <gmd:pointOfContact>
        <gmd:CI_ResponsibleParty>
          <gmd:individualName>
            <gco:CharacterString>Afdeling Landelijke Gebied en Water</gco:CharacterString>
          </gmd:individualName>
          <gmd:organisationName>
            <gco:CharacterString>Provincie Groningen</gco:CharacterString>
          </gmd:organisationName>
          <gmd:contactInfo>
            <gmd:CI_Contact>
              <gmd:phone>
                <gmd:CI_Telephone>
                  <gmd:voice>
                    <gco:CharacterString>050-3164911</gco:CharacterString>
                  </gmd:voice>
                </gmd:CI_Telephone>
              </gmd:phone>
              <gmd:address>
                <gmd:CI_Address>
                  <gmd:deliveryPoint>
                    <gco:CharacterString>Sint Jansstraat 4</gco:CharacterString>
                  </gmd:deliveryPoint>
                  <gmd:city>
                    <gco:CharacterString>Groningen</gco:CharacterString>
                  </gmd:city>
                  <gmd:administrativeArea>
                    <gco:CharacterString>Groningen</gco:CharacterString>
                  </gmd:administrativeArea>
                  <gmd:postalCode>
                    <gco:CharacterString>9712 JN</gco:CharacterString>
                  </gmd:postalCode>
                  <gmd:country>
                    <gco:CharacterString>NL</gco:CharacterString>
                  </gmd:country>
                  <gmd:electronicMailAddress>
                    <gco:CharacterString>geoportaal@provinciegroningen.nl</gco:CharacterString>
                  </gmd:electronicMailAddress>
                </gmd:CI_Address>
              </gmd:address>
              <gmd:onlineResource>
                <gmd:CI_OnlineResource>
                  <gmd:linkage>
                    <gmd:URL>https://www.provinciegroningen.nl/</gmd:URL>
                  </gmd:linkage>
                </gmd:CI_OnlineResource>
              </gmd:onlineResource>
            </gmd:CI_Contact>
          </gmd:contactInfo>
          <gmd:role>
            <gmd:CI_RoleCode codeList="http://standards.iso.org/ittf/PubliclyAvailableStandards/ISO_19139_Schemas/resources/codelist/ML_gmxCodelists.xml#CI_RoleCode" codeListValue="owner" codeSpace="ISOTC211/19115">eigenaar</gmd:CI_RoleCode>
          </gmd:role>
        </gmd:CI_ResponsibleParty>
      </gmd:pointOfContact>
      <gmd:resourceMaintenance>
        <gmd:MD_MaintenanceInformation>
          <gmd:maintenanceAndUpdateFrequency>
            <gmd:MD_MaintenanceFrequencyCode codeList="http://standards.iso.org/ittf/PubliclyAvailableStandards/ISO_19139_Schemas/resources/codelist/ML_gmxCodelists.xml#MD_MaintenanceFrequencyCode" codeListValue="annually" codeSpace="ISOTC211/19115">jaarlijks</gmd:MD_MaintenanceFrequencyCode>
          </gmd:maintenanceAndUpdateFrequency>
          <gmd:dateOfNextUpdate>
            <gco:Date>2021-01-01</gco:Date>
          </gmd:dateOfNextUpdate>
        </gmd:MD_MaintenanceInformation>
      </gmd:resourceMaintenance>
      <gmd:graphicOverview>
        <gmd:MD_BrowseGraphic>
          <gmd:fileName>
            <gco:CharacterString>https://geoservices.provinciegroningen.nl/bestanden/metadata/voorbeeldplaatjes/Natuurbeheerplan2021ZoekgebiedWater.jpg</gco:CharacterString>
          </gmd:fileName>
        </gmd:MD_BrowseGraphic>
      </gmd:graphicOverview>
      <gmd:descriptiveKeywords>
        <gmd:MD_Keywords>
          <gmd:keyword>
            <gco:CharacterString>AGRARISCH NATUURBEHEER</gco:CharacterString>
          </gmd:keyword>
          <gmd:keyword>
            <gco:CharacterString>BEGRENZINGENPLANNEN</gco:CharacterString>
          </gmd:keyword>
          <gmd:keyword>
            <gco:CharacterString>BEHEERSGEBIEDSPLANNEN</gco:CharacterString>
          </gmd:keyword>
          <gmd:keyword>
            <gco:CharacterString>NATUURONTWIKKELING</gco:CharacterString>
          </gmd:keyword>
          <gmd:keyword>
            <gco:CharacterString>SUBSIDIES</gco:CharacterString>
          </gmd:keyword>
          <gmd:thesaurusName>
            <gmd:CI_Citation>
              <gmd:title>
                <gco:CharacterString>Interprovinciale thesaurus</gco:CharacterString>
              </gmd:title>
              <gmd:date>
                <gmd:CI_Date>
                  <gmd:date>
                    <gco:Date>2010-11-05</gco:Date>
                  </gmd:date>
                  <gmd:dateType>
                    <gmd:CI_DateTypeCode codeList="http://standards.iso.org/ittf/PubliclyAvailableStandards/ISO_19139_Schemas/resources/codelist/ML_gmxCodelists.xml#CI_DateTypeCode" codeListValue="publication" codeSpace="ISOTC211/19115">publicatie</gmd:CI_DateTypeCode>
                  </gmd:dateType>
                </gmd:CI_Date>
              </gmd:date>
            </gmd:CI_Citation>
          </gmd:thesaurusName>
        </gmd:MD_Keywords>
      </gmd:descriptiveKeywords>
      <gmd:descriptiveKeywords>
        <gmd:MD_Keywords>
          <gmd:keyword>
            <gco:CharacterString>Downloadable Data</gco:CharacterString>
          </gmd:keyword>
          <gmd:thesaurusName uuidref="723f6998-058e-11dc-8314-0800200c9a66" />
        </gmd:MD_Keywords>
      </gmd:descriptiveKeywords>
      <gmd:resourceConstraints>
        <gmd:MD_Constraints>
          <gmd:useLimitation>
            <gco:CharacterString>Geen gebruiksbeperkingen</gco:CharacterString>
          </gmd:useLimitation>
        </gmd:MD_Constraints>
      </gmd:resourceConstraints>
      <gmd:resourceConstraints>
        <gmd:MD_LegalConstraints>
          <gmd:accessConstraints>
            <gmd:MD_RestrictionCode codeList="http://standards.iso.org/ittf/PubliclyAvailableStandards/ISO_19139_Schemas/resources/codelist/ML_gmxCodelists.xml#MD_RestrictionCode" codeListValue="otherRestrictions" codeSpace="ISOTC211/19115">anders</gmd:MD_RestrictionCode>
          </gmd:accessConstraints>
          <gmd:otherConstraints>
            <gmx:Anchor xlink:href="https://creativecommons.org/publicdomain/mark/1.0/deed.nl">Geen beperkingen</gmx:Anchor>
          </gmd:otherConstraints>
        </gmd:MD_LegalConstraints>
      </gmd:resourceConstraints>
      <gmd:spatialRepresentationType>
        <gmd:MD_SpatialRepresentationTypeCode codeList="http://standards.iso.org/ittf/PubliclyAvailableStandards/ISO_19139_Schemas/resources/codelist/ML_gmxCodelists.xml#MD_SpatialRepresentationTypeCode" codeListValue="vector" codeSpace="ISOTC211/19115">vector</gmd:MD_SpatialRepresentationTypeCode>
      </gmd:spatialRepresentationType>
      <gmd:spatialResolution>
        <gmd:MD_Resolution>
          <gmd:equivalentScale>
            <gmd:MD_RepresentativeFraction>
              <gmd:denominator>
                <gco:Integer>10000</gco:Integer>
              </gmd:denominator>
            </gmd:MD_RepresentativeFraction>
          </gmd:equivalentScale>
        </gmd:MD_Resolution>
      </gmd:spatialResolution>
      <gmd:language>
        <gmd:LanguageCode codeList="http://www.loc.gov/standards/iso639-2/" codeListValue="dut" codeSpace="ISO639-2">Nederlands; Vlaams</gmd:LanguageCode>
      </gmd:language>
      <gmd:characterSet>
        <gmd:MD_CharacterSetCode codeList="http://standards.iso.org/ittf/PubliclyAvailableStandards/ISO_19139_Schemas/resources/codelist/ML_gmxCodelists.xml#MD_CharacterSetCode" codeListValue="utf8" codeSpace="ISOTC211/19115">utf8</gmd:MD_CharacterSetCode>
      </gmd:characterSet>
      <gmd:topicCategory>
        <gmd:MD_TopicCategoryCode>biota</gmd:MD_TopicCategoryCode>
      </gmd:topicCategory>
      <gmd:topicCategory>
        <gmd:MD_TopicCategoryCode>environment</gmd:MD_TopicCategoryCode>
      </gmd:topicCategory>
      <gmd:environmentDescription>
        <gco:CharacterString>Microsoft Windows 10 Version 10.0 (Build 17763) ; Esri ArcGIS 12.4.2.19948</gco:CharacterString>
      </gmd:environmentDescription>
      <gmd:extent>
        <gmd:EX_Extent>
          <gmd:description>
            <gco:CharacterString>Het natuurbeheerplan wordt jaarlijks door GS vastgesteld.NBP2020  GS 14/04/2020 zaaknr K17462 LGW</gco:CharacterString>
          </gmd:description>
          <gmd:geographicElement>
            <gmd:EX_GeographicBoundingBox>
              <gmd:westBoundLongitude>
                <gco:Decimal>6.171</gco:Decimal>
              </gmd:westBoundLongitude>
              <gmd:eastBoundLongitude>
                <gco:Decimal>7.24</gco:Decimal>
              </gmd:eastBoundLongitude>
              <gmd:southBoundLatitude>
                <gco:Decimal>52.837</gco:Decimal>
              </gmd:southBoundLatitude>
              <gmd:northBoundLatitude>
                <gco:Decimal>53.472</gco:Decimal>
              </gmd:northBoundLatitude>
            </gmd:EX_GeographicBoundingBox>
          </gmd:geographicElement>
        </gmd:EX_Extent>
      </gmd:extent>
    </gmd:MD_DataIdentification>
  </gmd:identificationInfo>
  <gmd:contentInfo>
    <gmd:MD_FeatureCatalogueDescription>
      <gmd:includedWithDataset>
        <gco:Boolean>false</gco:Boolean>
      </gmd:includedWithDataset>
      <gmd:featureTypes>
        <gco:LocalName>Geomagazijn.GEO.NAT_NBP2021_ZOEKGEBIEDWATER</gco:LocalName>
      </gmd:featureTypes>
      <gmd:featureCatalogueCitation>
        <gmd:CI_Citation>
          <gmd:title>
            <gco:CharacterString>Natuurbeheerplan 2021 - Zoekgebied Water NBP</gco:CharacterString>
          </gmd:title>
          <gmd:date>
            <gmd:CI_Date>
              <gmd:date>
                <gco:Date>2020-04-14</gco:Date>
              </gmd:date>
              <gmd:dateType>
                <gmd:CI_DateTypeCode codeList="http://standards.iso.org/ittf/PubliclyAvailableStandards/ISO_19139_Schemas/resources/codelist/ML_gmxCodelists.xml#CI_DateTypeCode" codeListValue="creation" codeSpace="ISOTC211/19115">creatie</gmd:CI_DateTypeCode>
              </gmd:dateType>
            </gmd:CI_Date>
          </gmd:date>
          <gmd:date>
            <gmd:CI_Date>
              <gmd:date>
                <gco:Date>2020-04-20</gco:Date>
              </gmd:date>
              <gmd:dateType>
                <gmd:CI_DateTypeCode codeList="http://standards.iso.org/ittf/PubliclyAvailableStandards/ISO_19139_Schemas/resources/codelist/ML_gmxCodelists.xml#CI_DateTypeCode" codeListValue="publication" codeSpace="ISOTC211/19115">publicatie</gmd:CI_DateTypeCode>
              </gmd:dateType>
            </gmd:CI_Date>
          </gmd:date>
          <gmd:date>
            <gmd:CI_Date>
              <gmd:date>
                <gco:Date>2020-04-17</gco:Date>
              </gmd:date>
              <gmd:dateType>
                <gmd:CI_DateTypeCode codeList="http://standards.iso.org/ittf/PubliclyAvailableStandards/ISO_19139_Schemas/resources/codelist/ML_gmxCodelists.xml#CI_DateTypeCode" codeListValue="revision" codeSpace="ISOTC211/19115">revisie</gmd:CI_DateTypeCode>
              </gmd:dateType>
            </gmd:CI_Date>
          </gmd:date>
          <gmd:identifier>
            <gmd:MD_Identifier>
              <gmd:code>
                <gmx:Anchor xlink:href="">fdc1a540-dc82-406d-bafc-1b29451c0c6b</gmx:Anchor>
              </gmd:code>
            </gmd:MD_Identifier>
          </gmd:identifier>
        </gmd:CI_Citation>
      </gmd:featureCatalogueCitation>
    </gmd:MD_FeatureCatalogueDescription>
  </gmd:contentInfo>
  <gmd:distributionInfo>
    <gmd:MD_Distribution>
      <gmd:distributionFormat>
        <gmd:MD_Format>
          <gmd:name>
            <gco:CharacterString>Enterprise Geodatabase Feature Class</gco:CharacterString>
          </gmd:name>
          <gmd:version>
            <gco:CharacterString>10.3</gco:CharacterString>
          </gmd:version>
        </gmd:MD_Format>
      </gmd:distributionFormat>
      <gmd:distributor>
        <gmd:MD_Distributor>
          <gmd:distributorContact>
            <gmd:CI_ResponsibleParty>
              <gmd:individualName>
                <gco:CharacterString>Afdeling iNFO</gco:CharacterString>
              </gmd:individualName>
              <gmd:organisationName>
                <gco:CharacterString>Provincie Groningen</gco:CharacterString>
              </gmd:organisationName>
              <gmd:positionName>
                <gco:CharacterString>GIS-team</gco:CharacterString>
              </gmd:positionName>
              <gmd:contactInfo>
                <gmd:CI_Contact>
                  <gmd:phone>
                    <gmd:CI_Telephone>
                      <gmd:voice>
                        <gco:CharacterString>050-3164911</gco:CharacterString>
                      </gmd:voice>
                    </gmd:CI_Telephone>
                  </gmd:phone>
                  <gmd:address>
                    <gmd:CI_Address>
                      <gmd:deliveryPoint>
                        <gco:CharacterString>Sint Jansstraat 4</gco:CharacterString>
                      </gmd:deliveryPoint>
                      <gmd:city>
                        <gco:CharacterString>Groningen</gco:CharacterString>
                      </gmd:city>
                      <gmd:administrativeArea>
                        <gco:CharacterString>Groningen</gco:CharacterString>
                      </gmd:administrativeArea>
                      <gmd:postalCode>
                        <gco:CharacterString>9712 JN</gco:CharacterString>
                      </gmd:postalCode>
                      <gmd:country>
                        <gco:CharacterString>NL</gco:CharacterString>
                      </gmd:country>
                      <gmd:electronicMailAddress>
                        <gco:CharacterString>geoportaal@provinciegroningen.nl</gco:CharacterString>
                      </gmd:electronicMailAddress>
                    </gmd:CI_Address>
                  </gmd:address>
                  <gmd:onlineResource>
                    <gmd:CI_OnlineResource>
                      <gmd:linkage>
                        <gmd:URL>https://www.provinciegroningen.nl/</gmd:URL>
                      </gmd:linkage>
                    </gmd:CI_OnlineResource>
                  </gmd:onlineResource>
                </gmd:CI_Contact>
              </gmd:contactInfo>
              <gmd:role>
                <gmd:CI_RoleCode codeList="http://standards.iso.org/ittf/PubliclyAvailableStandards/ISO_19139_Schemas/resources/codelist/ML_gmxCodelists.xml#CI_RoleCode" codeListValue="distributor" codeSpace="ISOTC211/19115">distributeur</gmd:CI_RoleCode>
              </gmd:role>
            </gmd:CI_ResponsibleParty>
          </gmd:distributorContact>
        </gmd:MD_Distributor>
      </gmd:distributor>
      <gmd:transferOptions>
        <gmd:MD_DigitalTransferOptions>
          <gmd:onLine>
            <gmd:CI_OnlineResource>
              <gmd:linkage>
                <gmd:URL>https://geoservices.provinciegroningen.nl/server/services/LandelijkGebied/Natuur/MapServer/WmsServer?request=GetCapabilities</gmd:URL>
              </gmd:linkage>
              <gmd:protocol>
                <gmx:Anchor xlink:href="http://www.opengis.net/def/serviceType/ogc/wms">OGC:WMS</gmx:Anchor>
              </gmd:protocol>
              <gmd:applicationProfile>
                <gmx:Anchor xlink:href="http://inspire.ec.europa.eu/metadata-codelist/SpatialDataServiceType/view">view</gmx:Anchor>
              </gmd:applicationProfile>
              <gmd:name>
                <gco:CharacterString>Natuurbeheerplan2021ZoekgebiedWater</gco:CharacterString>
              </gmd:name>
              <gmd:description>
                <gmx:Anchor xlink:href="http://inspire.ec.europa.eu/metadata-codelist/OnLineDescriptionCode/accessPoint">accessPoint</gmx:Anchor>
              </gmd:description>
            </gmd:CI_OnlineResource>
          </gmd:onLine>
          <gmd:onLine xmlns:java="java:org.fao.geonet.util.XslUtil" xmlns:xs="http://www.w3.org/2001/XMLSchema">
            <gmd:CI_OnlineResource>
              <gmd:linkage>
                <gmd:URL>https://geoservices.provinciegroningen.nl/server/services/LandelijkGebied/Natuur/MapServer/WFSServer?request=GetCapabilities</gmd:URL>
              </gmd:linkage>
              <gmd:protocol>
                <gmx:Anchor xlink:href="http://www.opengis.net/def/serviceType/ogc/wfs">OGC:WFS</gmx:Anchor>
              </gmd:protocol>
              <gmd:applicationProfile>
                <gmx:Anchor xlink:href="http://inspire.ec.europa.eu/metadata-codelist/SpatialDataServiceType/download">download</gmx:Anchor>
              </gmd:applicationProfile>
              <gmd:name>
                <gco:CharacterString>Natuur:Natuurbeheerplan2021ZoekgebiedWater</gco:CharacterString>
              </gmd:name>
              <gmd:description>
                <gmx:Anchor xlink:href="http://inspire.ec.europa.eu/metadata-codelist/OnLineDescriptionCode/accessPoint">accessPoint</gmx:Anchor>
              </gmd:description>
            </gmd:CI_OnlineResource>
          </gmd:onLine>
        </gmd:MD_DigitalTransferOptions>
      </gmd:transferOptions>
    </gmd:MD_Distribution>
  </gmd:distributionInfo>
  <gmd:dataQualityInfo>
    <gmd:DQ_DataQuality>
      <gmd:scope>
        <gmd:DQ_Scope>
          <gmd:level>
            <gmd:MD_ScopeCode codeList="http://standards.iso.org/ittf/PubliclyAvailableStandards/ISO_19139_Schemas/resources/codelist/ML_gmxCodelists.xml#MD_ScopeCode" codeListValue="dataset" codeSpace="ISOTC211/19115">dataset</gmd:MD_ScopeCode>
          </gmd:level>
        </gmd:DQ_Scope>
      </gmd:scope>
      <gmd:report>
        <gmd:DQ_AbsoluteExternalPositionalAccuracy>
          <gmd:result>
            <gmd:DQ_QuantitativeResult>
              <gmd:valueUnit gco:nilReason="missing" />
              <gmd:value>
                <gco:Record>De dataset Natuurbeheerplan is opgebouwd op basis van het Informatiemodel Natuur, het IMNA, versie 5.2. De bestaande natuur- en beheergebiedsplannen van de provincies zijn ‘technisch’ omgezet naar het nieuwe natuurbeheerplan. De geometrie is daarbij zoveel mogelijk aangepast op de Basisregistratie Topografie (TOP10NL). Indien nauwkeuriger informatie (bijv. uit luchtfoto's of bodemkaarten) voorhanden was, is die als referentie gekozen.</gco:Record>
              </gmd:value>
            </gmd:DQ_QuantitativeResult>
          </gmd:result>
        </gmd:DQ_AbsoluteExternalPositionalAccuracy>
      </gmd:report>
      <gmd:report>
        <gmd:DQ_CompletenessOmission>
          <gmd:result>
            <gmd:DQ_QuantitativeResult>
              <gmd:valueUnit gco:nilReason="missing" />
              <gmd:value>
                <gco:Record>Dataset is compleet</gco:Record>
              </gmd:value>
            </gmd:DQ_QuantitativeResult>
          </gmd:result>
        </gmd:DQ_CompletenessOmission>
      </gmd:report>
      <gmd:lineage>
        <gmd:LI_Lineage>
          <gmd:statement>
            <gco:CharacterString>Provincie Groningen als onderdeel van het Informatiemodel Natuur (IMNA).</gco:CharacterString>
          </gmd:statement>
          <gmd:processStep>
            <gmd:LI_ProcessStep>
              <gmd:description>
                <gco:CharacterString>Begrenzing is gebaseerd op Top10NL objecten. 
Topografieregels:
 * Zoekgebied Water mag wel overlappen met agrarisch zoekgebied of beheergebied of landschapszoekgebied.
* Zoekgebied Water: binnen een leefgebied-deelgebied is onderlinge overlap niet toegestaan.</gco:CharacterString>
              </gmd:description>
              <gmd:processor>
                <gmd:CI_ResponsibleParty>
                  <gmd:organisationName>
                    <gco:CharacterString>Provincie Groningen</gco:CharacterString>
                  </gmd:organisationName>
                  <gmd:contactInfo>
                    <gmd:CI_Contact>
                      <gmd:address>
                        <gmd:CI_Address>
                          <gmd:electronicMailAddress gco:nilReason="missing">
                            <gco:CharacterString />
                          </gmd:electronicMailAddress>
                        </gmd:CI_Address>
                      </gmd:address>
                    </gmd:CI_Contact>
                  </gmd:contactInfo>
                  <gmd:role>
                    <gmd:CI_RoleCode codeList="http://standards.iso.org/ittf/PubliclyAvailableStandards/ISO_19139_Schemas/resources/codelist/ML_gmxCodelists.xml#CI_RoleCode" codeListValue="owner" codeSpace="ISOTC211/19115">eigenaar</gmd:CI_RoleCode>
                  </gmd:role>
                </gmd:CI_ResponsibleParty>
              </gmd:processor>
            </gmd:LI_ProcessStep>
          </gmd:processStep>
        </gmd:LI_Lineage>
      </gmd:lineage>
    </gmd:DQ_DataQuality>
  </gmd:dataQualityInfo>
</gmd:MD_Metadata>