<?xml version="1.0" encoding="UTF-8"?>
<gmd:MD_Metadata xmlns:gmd="http://www.isotc211.org/2005/gmd" xmlns:xsi="http://www.w3.org/2001/XMLSchema-instance" xmlns:geonet="http://www.fao.org/geonetwork" xsi:schemaLocation="http://www.isotc211.org/2005/gmd http://schemas.opengis.net/iso/19139/20060504/gmd/gmd.xsd">
  <gmd:fileIdentifier>
    <gco:CharacterString xmlns:gco="http://www.isotc211.org/2005/gco">e6f9c065-1022-43da-a78d-3fbedda17dce</gco:CharacterString>
  </gmd:fileIdentifier>
  <gmd:language>
    <gmd:LanguageCode codeList="http://www.loc.gov/standards/iso639-2/" codeListValue="dut" />
  </gmd:language>
  <gmd:characterSet>
    <gmd:MD_CharacterSetCode codeList="http://standards.iso.org/ittf/PubliclyAvailableStandards/ISO_19139_Schemas/resources/codelist/ML_gmxCodelists.xml#MD_CharacterSetCode" codeListValue="utf8" />
  </gmd:characterSet>
  <gmd:hierarchyLevel>
    <gmd:MD_ScopeCode codeList="http://standards.iso.org/ittf/PubliclyAvailableStandards/ISO_19139_Schemas/resources/codelist/ML_gmxCodelists.xml#MD_ScopeCode" codeListValue="dataset" />
  </gmd:hierarchyLevel>
  <gmd:contact>
    <gmd:CI_ResponsibleParty>
      <gmd:individualName xmlns:gco="http://www.isotc211.org/2005/gco" gco:nilReason="missing">
        <gco:CharacterString />
      </gmd:individualName>
      <gmd:organisationName>
        <gco:CharacterString xmlns:gco="http://www.isotc211.org/2005/gco">Waterschap Hunze en Aa's</gco:CharacterString>
      </gmd:organisationName>
      <gmd:positionName xmlns:gco="http://www.isotc211.org/2005/gco" gco:nilReason="missing">
        <gco:CharacterString />
      </gmd:positionName>
      <gmd:contactInfo>
        <gmd:CI_Contact>
          <gmd:phone>
            <gmd:CI_Telephone>
              <gmd:voice xmlns:gco="http://www.isotc211.org/2005/gco" gco:nilReason="missing">
                <gco:CharacterString />
              </gmd:voice>
              <gmd:facsimile xmlns:gco="http://www.isotc211.org/2005/gco" gco:nilReason="missing">
                <gco:CharacterString />
              </gmd:facsimile>
            </gmd:CI_Telephone>
          </gmd:phone>
          <gmd:address>
            <gmd:CI_Address>
              <gmd:deliveryPoint xmlns:gco="http://www.isotc211.org/2005/gco" gco:nilReason="missing">
                <gco:CharacterString />
              </gmd:deliveryPoint>
              <gmd:city xmlns:gco="http://www.isotc211.org/2005/gco" gco:nilReason="missing">
                <gco:CharacterString />
              </gmd:city>
              <gmd:administrativeArea xmlns:gco="http://www.isotc211.org/2005/gco" gco:nilReason="missing">
                <gco:CharacterString />
              </gmd:administrativeArea>
              <gmd:postalCode xmlns:gco="http://www.isotc211.org/2005/gco" gco:nilReason="missing">
                <gco:CharacterString />
              </gmd:postalCode>
              <gmd:country xmlns:gco="http://www.isotc211.org/2005/gco" gco:nilReason="missing">
                <gco:CharacterString />
              </gmd:country>
              <gmd:electronicMailAddress>
                <gco:CharacterString xmlns:gco="http://www.isotc211.org/2005/gco">gis_info@hunzeenaas.nl</gco:CharacterString>
              </gmd:electronicMailAddress>
            </gmd:CI_Address>
          </gmd:address>
          <gmd:onlineResource>
            <gmd:CI_OnlineResource>
              <gmd:linkage>
                <gmd:URL>http://www.hunzeenaas.nl</gmd:URL>
              </gmd:linkage>
            </gmd:CI_OnlineResource>
          </gmd:onlineResource>
        </gmd:CI_Contact>
      </gmd:contactInfo>
      <gmd:role>
        <gmd:CI_RoleCode codeList="http://standards.iso.org/ittf/PubliclyAvailableStandards/ISO_19139_Schemas/resources/codelist/ML_gmxCodelists.xml#CI_RoleCode" codeListValue="pointOfContact" />
      </gmd:role>
    </gmd:CI_ResponsibleParty>
  </gmd:contact>
  <gmd:dateStamp>
    <gco:Date xmlns:gco="http://www.isotc211.org/2005/gco">2022-02-25</gco:Date>
  </gmd:dateStamp>
  <gmd:metadataStandardName>
    <gco:CharacterString xmlns:gco="http://www.isotc211.org/2005/gco">ISO 19115</gco:CharacterString>
  </gmd:metadataStandardName>
  <gmd:metadataStandardVersion>
    <gco:CharacterString xmlns:gco="http://www.isotc211.org/2005/gco">Nederlands metadata profiel op ISO 19115 voor geografie 1.3.1</gco:CharacterString>
  </gmd:metadataStandardVersion>
  <gmd:referenceSystemInfo>
    <gmd:MD_ReferenceSystem>
      <gmd:referenceSystemIdentifier>
        <gmd:RS_Identifier>
          <gmd:code>
            <gco:CharacterString xmlns:gco="http://www.isotc211.org/2005/gco">28992</gco:CharacterString>
          </gmd:code>
          <gmd:codeSpace>
            <gco:CharacterString xmlns:gco="http://www.isotc211.org/2005/gco">EPSG</gco:CharacterString>
          </gmd:codeSpace>
        </gmd:RS_Identifier>
      </gmd:referenceSystemIdentifier>
    </gmd:MD_ReferenceSystem>
  </gmd:referenceSystemInfo>
  <gmd:identificationInfo>
    <gmd:MD_DataIdentification>
      <gmd:citation>
        <gmd:CI_Citation>
          <gmd:title>
            <gco:CharacterString xmlns:gco="http://www.isotc211.org/2005/gco">Kabel</gco:CharacterString>
          </gmd:title>
          <gmd:date>
            <gmd:CI_Date>
              <gmd:date>
                <gco:Date xmlns:gco="http://www.isotc211.org/2005/gco">2017-12-20</gco:Date>
              </gmd:date>
              <gmd:dateType>
                <gmd:CI_DateTypeCode codeListValue="creation" codeList="http://standards.iso.org/ittf/PubliclyAvailableStandards/ISO_19139_Schemas/resources/codelist/ML_gmxCodelists.xml#CI_DateTypeCode" />
              </gmd:dateType>
            </gmd:CI_Date>
          </gmd:date>
          <gmd:identifier>
            <gmd:MD_Identifier>
              <gmd:code>
                <gco:CharacterString xmlns:gco="http://www.isotc211.org/2005/gco">https://opendata.hunzeenaas.nl/opendataportaal/srv/metadata/e6f9c065-1022-43da-a78d-3fbedda17dce</gco:CharacterString>
              </gmd:code>
            </gmd:MD_Identifier>
          </gmd:identifier>
        </gmd:CI_Citation>
      </gmd:citation>
      <gmd:abstract>
        <gco:CharacterString xmlns:gco="http://www.isotc211.org/2005/gco">Kabels, buisleidingen en andere elementen onder of boven de grond in gebruik voor transport van energie of materie. Herkomst definitie: Aquo.
Het betreft hier alleen kabels in beheer en eigendom van het waterschap!</gco:CharacterString>
      </gmd:abstract>
      <gmd:purpose>
        <gco:CharacterString xmlns:gco="http://www.isotc211.org/2005/gco">Doel van vervaardiging</gco:CharacterString>
      </gmd:purpose>
      <gmd:status>
        <gmd:MD_ProgressCode codeListValue="onGoing" codeList="http://standards.iso.org/ittf/PubliclyAvailableStandards/ISO_19139_Schemas/resources/codelist/ML_gmxCodelists.xml#MD_ProgressCode" />
      </gmd:status>
      <gmd:pointOfContact>
        <gmd:CI_ResponsibleParty>
          <gmd:individualName xmlns:gco="http://www.isotc211.org/2005/gco" gco:nilReason="missing">
            <gco:CharacterString />
          </gmd:individualName>
          <gmd:organisationName>
            <gco:CharacterString xmlns:gco="http://www.isotc211.org/2005/gco">Waterschap Hunze en Aa's</gco:CharacterString>
          </gmd:organisationName>
          <gmd:positionName xmlns:gco="http://www.isotc211.org/2005/gco" gco:nilReason="missing">
            <gco:CharacterString />
          </gmd:positionName>
          <gmd:contactInfo>
            <gmd:CI_Contact>
              <gmd:phone>
                <gmd:CI_Telephone>
                  <gmd:voice xmlns:gco="http://www.isotc211.org/2005/gco" gco:nilReason="missing">
                    <gco:CharacterString />
                  </gmd:voice>
                  <gmd:facsimile xmlns:gco="http://www.isotc211.org/2005/gco" gco:nilReason="missing">
                    <gco:CharacterString />
                  </gmd:facsimile>
                </gmd:CI_Telephone>
              </gmd:phone>
              <gmd:address>
                <gmd:CI_Address>
                  <gmd:deliveryPoint xmlns:gco="http://www.isotc211.org/2005/gco" gco:nilReason="missing">
                    <gco:CharacterString />
                  </gmd:deliveryPoint>
                  <gmd:city xmlns:gco="http://www.isotc211.org/2005/gco" gco:nilReason="missing">
                    <gco:CharacterString />
                  </gmd:city>
                  <gmd:administrativeArea xmlns:gco="http://www.isotc211.org/2005/gco" gco:nilReason="missing">
                    <gco:CharacterString />
                  </gmd:administrativeArea>
                  <gmd:postalCode xmlns:gco="http://www.isotc211.org/2005/gco" gco:nilReason="missing">
                    <gco:CharacterString />
                  </gmd:postalCode>
                  <gmd:country xmlns:gco="http://www.isotc211.org/2005/gco" gco:nilReason="missing">
                    <gco:CharacterString />
                  </gmd:country>
                  <gmd:electronicMailAddress>
                    <gco:CharacterString xmlns:gco="http://www.isotc211.org/2005/gco">gis_info@hunzeenaas.nl</gco:CharacterString>
                  </gmd:electronicMailAddress>
                </gmd:CI_Address>
              </gmd:address>
              <gmd:onlineResource>
                <gmd:CI_OnlineResource>
                  <gmd:linkage>
                    <gmd:URL>http://www.hunzeenaas.nl</gmd:URL>
                  </gmd:linkage>
                </gmd:CI_OnlineResource>
              </gmd:onlineResource>
            </gmd:CI_Contact>
          </gmd:contactInfo>
          <gmd:role>
            <gmd:CI_RoleCode codeList="http://standards.iso.org/ittf/PubliclyAvailableStandards/ISO_19139_Schemas/resources/codelist/ML_gmxCodelists.xml#CI_RoleCode" codeListValue="pointOfContact" />
          </gmd:role>
        </gmd:CI_ResponsibleParty>
      </gmd:pointOfContact>
      <gmd:descriptiveKeywords>
        <gmd:MD_Keywords>
          <gmd:keyword>
            <gco:CharacterString xmlns:gco="http://www.isotc211.org/2005/gco">kabel</gco:CharacterString>
          </gmd:keyword>
          <gmd:keyword>
            <gco:CharacterString xmlns:gco="http://www.isotc211.org/2005/gco">stroomkabel</gco:CharacterString>
          </gmd:keyword>
          <gmd:keyword>
            <gco:CharacterString xmlns:gco="http://www.isotc211.org/2005/gco">signaalkabel</gco:CharacterString>
          </gmd:keyword>
          <gmd:keyword>
            <gco:CharacterString xmlns:gco="http://www.isotc211.org/2005/gco">datakabel</gco:CharacterString>
          </gmd:keyword>
          <gmd:keyword>
            <gco:CharacterString xmlns:gco="http://www.isotc211.org/2005/gco">hoogspanning</gco:CharacterString>
          </gmd:keyword>
          <gmd:keyword>
            <gco:CharacterString xmlns:gco="http://www.isotc211.org/2005/gco">middenspanning</gco:CharacterString>
          </gmd:keyword>
          <gmd:keyword>
            <gco:CharacterString xmlns:gco="http://www.isotc211.org/2005/gco">laagspanning</gco:CharacterString>
          </gmd:keyword>
          <gmd:keyword>
            <gco:CharacterString xmlns:gco="http://www.isotc211.org/2005/gco">datatransport</gco:CharacterString>
          </gmd:keyword>
        </gmd:MD_Keywords>
      </gmd:descriptiveKeywords>
      <gmd:resourceConstraints>
        <gmd:MD_Constraints>
          <gmd:useLimitation>
            <gco:CharacterString xmlns:gco="http://www.isotc211.org/2005/gco">Gaat u machinaal graven? Dan moet u een Klic-melding doen! De gegevens op de kaart zijn niet bindend! De ligging van de leiding op de kaart mag niet als bindend worden beschouwd. Voor het bepalen van de juiste ligging van de leiding(en) dient u zelf hand gegraven proefsleuven te maken. Ingeval, worden op uw verzoek door  het waterschap de nodige aanwijzingen verstrekt. U wordt er met nadruk op gewezen dat het niet is toegestaan om verhardingen, gebouwen, beplantingen etc. binnen de zakelijke rechtstrook van de leiding aan te brengen zonder schriftelijke toestemming. Alle schade die ontstaat doordat niet overeenkomstig bovenstaande is gehandeld, zal aan de veroorzaker of diens opdrachtgever in rekening worden gebracht.</gco:CharacterString>
          </gmd:useLimitation>
        </gmd:MD_Constraints>
      </gmd:resourceConstraints>
      <gmd:resourceConstraints>
        <gmd:MD_LegalConstraints>
          <gmd:accessConstraints>
            <gmd:MD_RestrictionCode codeList="http://standards.iso.org/ittf/PubliclyAvailableStandards/ISO_19139_Schemas/resources/codelist/ML_gmxCodelists.xml#MD_RestrictionCode" codeListValue="otherRestrictions" />
          </gmd:accessConstraints>
          <gmd:otherConstraints>
            <gco:CharacterString xmlns:gco="http://www.isotc211.org/2005/gco">Geen beperkingen</gco:CharacterString>
          </gmd:otherConstraints>
          <gmd:otherConstraints>
            <gco:CharacterString xmlns:gco="http://www.isotc211.org/2005/gco">http://creativecommons.org/publicdomain/mark/1.0/deed.nl</gco:CharacterString>
          </gmd:otherConstraints>
        </gmd:MD_LegalConstraints>
      </gmd:resourceConstraints>
      <gmd:resourceConstraints>
        <gmd:MD_LegalConstraints>
          <gmd:accessConstraints>
            <gmd:MD_RestrictionCode codeList="http://standards.iso.org/ittf/PubliclyAvailableStandards/ISO_19139_Schemas/resources/codelist/ML_gmxCodelists.xml#MD_RestrictionCode" codeListValue="otherRestrictions" />
          </gmd:accessConstraints>
          <gmd:otherConstraints>
            <gco:CharacterString xmlns:gco="http://www.isotc211.org/2005/gco">Gaat u machinaal graven? Dan moet u een Klic-melding doen! (https://www.kadaster.nl/-/graafmelding) De gegevens op de kaart zijn niet bindend! De ligging van de leiding op de kaart mag niet als bindend worden beschouwd. Voor het bepalen van de juiste ligging van de leiding(en) dient u zelf hand gegraven proefsleuven te maken. Ingeval, worden op uw verzoek door  het waterschap de nodige aanwijzingen verstrekt. U wordt er met nadruk op gewezen dat het niet is toegestaan om verhardingen, gebouwen, beplantingen etc. binnen de zakelijke rechtstrook van de leiding aan te brengen zonder schriftelijke toestemming. Alle schade die ontstaat doordat niet overeenkomstig bovenstaande is gehandeld, zal aan de veroorzaker of diens opdrachtgever in rekening worden gebracht.</gco:CharacterString>
          </gmd:otherConstraints>
          <gmd:otherConstraints xmlns:gco="http://www.isotc211.org/2005/gco" gco:nilReason="missing">
            <gco:CharacterString />
          </gmd:otherConstraints>
        </gmd:MD_LegalConstraints>
      </gmd:resourceConstraints>
      <gmd:spatialResolution>
        <gmd:MD_Resolution>
          <gmd:equivalentScale>
            <gmd:MD_RepresentativeFraction>
              <gmd:denominator>
                <gco:Integer xmlns:gco="http://www.isotc211.org/2005/gco">1000</gco:Integer>
              </gmd:denominator>
            </gmd:MD_RepresentativeFraction>
          </gmd:equivalentScale>
        </gmd:MD_Resolution>
      </gmd:spatialResolution>
      <gmd:language>
        <gmd:LanguageCode codeList="http://www.loc.gov/standards/iso639-2/" codeListValue="dut" />
      </gmd:language>
      <gmd:characterSet>
        <gmd:MD_CharacterSetCode codeListValue="utf8" codeList="http://standards.iso.org/ittf/PubliclyAvailableStandards/ISO_19139_Schemas/resources/codelist/ML_gmxCodelists.xml#MD_CharacterSetCode" />
      </gmd:characterSet>
      <gmd:topicCategory>
        <gmd:MD_TopicCategoryCode>utilitiesCommunication</gmd:MD_TopicCategoryCode>
      </gmd:topicCategory>
      <gmd:extent>
        <gmd:EX_Extent>
          <gmd:geographicElement>
            <gmd:EX_GeographicBoundingBox>
              <gmd:westBoundLongitude>
                <gco:Decimal xmlns:gco="http://www.isotc211.org/2005/gco">6.274500417904351</gco:Decimal>
              </gmd:westBoundLongitude>
              <gmd:eastBoundLongitude>
                <gco:Decimal xmlns:gco="http://www.isotc211.org/2005/gco">7.570597529185045</gco:Decimal>
              </gmd:eastBoundLongitude>
              <gmd:southBoundLatitude>
                <gco:Decimal xmlns:gco="http://www.isotc211.org/2005/gco">52.6482562858353</gco:Decimal>
              </gmd:southBoundLatitude>
              <gmd:northBoundLatitude>
                <gco:Decimal xmlns:gco="http://www.isotc211.org/2005/gco">53.47291066142737</gco:Decimal>
              </gmd:northBoundLatitude>
            </gmd:EX_GeographicBoundingBox>
          </gmd:geographicElement>
          <gmd:temporalElement>
            <gmd:EX_TemporalExtent>
              <gmd:extent>
                <gml:TimePeriod xmlns:gml="http://www.opengis.net/gml" gml:id="d21222e209a1051934">
                  <gml:beginPosition />
                  <gml:endPosition />
                </gml:TimePeriod>
              </gmd:extent>
            </gmd:EX_TemporalExtent>
          </gmd:temporalElement>
        </gmd:EX_Extent>
      </gmd:extent>
    </gmd:MD_DataIdentification>
  </gmd:identificationInfo>
  <gmd:distributionInfo>
    <gmd:MD_Distribution>
      <gmd:transferOptions>
        <gmd:MD_DigitalTransferOptions>
          <gmd:onLine>
            <gmd:CI_OnlineResource>
              <gmd:linkage>
                <gmd:URL>https://opendata.hunzeenaas.nl/geoserver/wms</gmd:URL>
              </gmd:linkage>
              <gmd:protocol>
                <gco:CharacterString xmlns:gco="http://www.isotc211.org/2005/gco">OGC:WMS</gco:CharacterString>
              </gmd:protocol>
              <gmd:name>
                <gco:CharacterString xmlns:gco="http://www.isotc211.org/2005/gco">OpenData:Kabel</gco:CharacterString>
              </gmd:name>
              <gmd:description>
                <gco:CharacterString xmlns:gco="http://www.isotc211.org/2005/gco">Kabel</gco:CharacterString>
              </gmd:description>
              <gmd:function>
                <gmd:CI_OnLineFunctionCode codeList="http://standards.iso.org/ittf/PubliclyAvailableStandards/ISO_19139_Schemas/resources/codelist/ML_gmxCodelists.xml#CI_OnLineFunctionCode" codeListValue="information" />
              </gmd:function>
            </gmd:CI_OnlineResource>
          </gmd:onLine>
          <gmd:onLine>
            <gmd:CI_OnlineResource>
              <gmd:linkage>
                <gmd:URL>https://opendata.hunzeenaas.nl/geoserver/wfs</gmd:URL>
              </gmd:linkage>
              <gmd:protocol>
                <gco:CharacterString xmlns:gco="http://www.isotc211.org/2005/gco">OGC:WFS</gco:CharacterString>
              </gmd:protocol>
              <gmd:name>
                <gco:CharacterString xmlns:gco="http://www.isotc211.org/2005/gco">Kabel</gco:CharacterString>
              </gmd:name>
              <gmd:description>
                <gco:CharacterString xmlns:gco="http://www.isotc211.org/2005/gco">Kabel</gco:CharacterString>
              </gmd:description>
            </gmd:CI_OnlineResource>
          </gmd:onLine>
          <gmd:onLine>
            <gmd:CI_OnlineResource>
              <gmd:linkage>
                <gmd:URL>https://kennis.hunzeenaas.nl/index.php/Id-baee462c-3e33-47e4-b103-5f4cd4eda5e2</gmd:URL>
              </gmd:linkage>
              <gmd:protocol>
                <gco:CharacterString xmlns:gco="http://www.isotc211.org/2005/gco">WWW:LINK-1.0-http--link</gco:CharacterString>
              </gmd:protocol>
              <gmd:name>
                <gco:CharacterString xmlns:gco="http://www.isotc211.org/2005/gco">elektriciteitskabel (Kennisbank waterschap Hunze en Aa's)</gco:CharacterString>
              </gmd:name>
            </gmd:CI_OnlineResource>
          </gmd:onLine>
          <gmd:onLine>
            <gmd:CI_OnlineResource>
              <gmd:linkage>
                <gmd:URL>https://kennis.hunzeenaas.nl/index.php/Id-ac5b78a8-e66f-4067-8f49-a49cfda63252</gmd:URL>
              </gmd:linkage>
              <gmd:protocol>
                <gco:CharacterString xmlns:gco="http://www.isotc211.org/2005/gco">null</gco:CharacterString>
              </gmd:protocol>
              <gmd:name>
                <gco:CharacterString xmlns:gco="http://www.isotc211.org/2005/gco">signaalkabel (Kennisbank waterschap Hunze en Aa's)</gco:CharacterString>
              </gmd:name>
            </gmd:CI_OnlineResource>
          </gmd:onLine>
          <gmd:onLine>
            <gmd:CI_OnlineResource>
              <gmd:linkage>
                <gmd:URL>https://kennis.hunzeenaas.nl/index.php/Id-c4cf29fb-5d36-4fd3-bdfd-32f0e914905f</gmd:URL>
              </gmd:linkage>
              <gmd:protocol>
                <gco:CharacterString xmlns:gco="http://www.isotc211.org/2005/gco">null</gco:CharacterString>
              </gmd:protocol>
              <gmd:name>
                <gco:CharacterString xmlns:gco="http://www.isotc211.org/2005/gco">kabel (Kennisbank waterschap Hunze en Aa's)</gco:CharacterString>
              </gmd:name>
            </gmd:CI_OnlineResource>
          </gmd:onLine>
        </gmd:MD_DigitalTransferOptions>
      </gmd:transferOptions>
    </gmd:MD_Distribution>
  </gmd:distributionInfo>
  <gmd:dataQualityInfo>
    <gmd:DQ_DataQuality>
      <gmd:scope>
        <gmd:DQ_Scope>
          <gmd:level>
            <gmd:MD_ScopeCode codeListValue="dataset" codeList="http://standards.iso.org/ittf/PubliclyAvailableStandards/ISO_19139_Schemas/resources/codelist/ML_gmxCodelists.xml#MD_ScopeCode" />
          </gmd:level>
        </gmd:DQ_Scope>
      </gmd:scope>
      <gmd:report>
        <gmd:DQ_TopologicalConsistency>
          <gmd:result />
        </gmd:DQ_TopologicalConsistency>
      </gmd:report>
      <gmd:report>
        <gmd:DQ_CompletenessOmission>
          <gmd:result />
        </gmd:DQ_CompletenessOmission>
      </gmd:report>
      <gmd:report>
        <gmd:DQ_AbsoluteExternalPositionalAccuracy>
          <gmd:result />
        </gmd:DQ_AbsoluteExternalPositionalAccuracy>
      </gmd:report>
      <gmd:lineage>
        <gmd:LI_Lineage>
          <gmd:statement>
            <gco:CharacterString xmlns:gco="http://www.isotc211.org/2005/gco">Waterschap Hunze en Aa's</gco:CharacterString>
          </gmd:statement>
        </gmd:LI_Lineage>
      </gmd:lineage>
    </gmd:DQ_DataQuality>
  </gmd:dataQualityInfo>
</gmd:MD_Metadata>