<?xml version="1.0" encoding="UTF-8"?>
<gmd:MD_Metadata xmlns:gmd="http://www.isotc211.org/2005/gmd" xmlns:xsi="http://www.w3.org/2001/XMLSchema-instance" xmlns:geonet="http://www.fao.org/geonetwork" xsi:schemaLocation="http://www.isotc211.org/2005/gmd http://www.isotc211.org/schemas/2005/gmd/metadataEntity.xsd">
  <gmd:fileIdentifier>
    <gco:CharacterString xmlns:gco="http://www.isotc211.org/2005/gco">7fdca464-e563-4a91-a46d-7d03ac15a9fc</gco:CharacterString>
  </gmd:fileIdentifier>
  <gmd:language>
    <gco:CharacterString xmlns:gco="http://www.isotc211.org/2005/gco">dut</gco:CharacterString>
  </gmd:language>
  <gmd:characterSet>
    <gmd:MD_CharacterSetCode codeList="http://standards.iso.org/ittf/PubliclyAvailableStandards/ISO_19139_Schemas/resources/codelist/ML_gmxCodelists.xml#MD_CharacterSetCode" codeListValue="utf8" />
  </gmd:characterSet>
  <gmd:hierarchyLevel>
    <gmd:MD_ScopeCode codeList="http://standards.iso.org/ittf/PubliclyAvailableStandards/ISO_19139_Schemas/resources/codelist/ML_gmxCodelists.xml#MD_ScopeCode" codeListValue="dataset" />
  </gmd:hierarchyLevel>
  <gmd:contact>
    <gmd:CI_ResponsibleParty>
      <gmd:individualName>
        <gco:CharacterString xmlns:gco="http://www.isotc211.org/2005/gco">GeoDesk</gco:CharacterString>
      </gmd:individualName>
      <gmd:organisationName>
        <gco:CharacterString xmlns:gco="http://www.isotc211.org/2005/gco">Wageningen Environmental Research</gco:CharacterString>
      </gmd:organisationName>
      <gmd:positionName>
        <gco:CharacterString xmlns:gco="http://www.isotc211.org/2005/gco">Beheerder</gco:CharacterString>
      </gmd:positionName>
      <gmd:contactInfo>
        <gmd:CI_Contact>
          <gmd:phone>
            <gmd:CI_Telephone>
              <gmd:voice>
                <gco:CharacterString xmlns:gco="http://www.isotc211.org/2005/gco">0317-484111</gco:CharacterString>
              </gmd:voice>
              <gmd:facsimile>
                <gco:CharacterString xmlns:gco="http://www.isotc211.org/2005/gco">0317-479000</gco:CharacterString>
              </gmd:facsimile>
            </gmd:CI_Telephone>
          </gmd:phone>
          <gmd:address>
            <gmd:CI_Address>
              <gmd:deliveryPoint>
                <gco:CharacterString xmlns:gco="http://www.isotc211.org/2005/gco">Droevendaalsesteeg 3</gco:CharacterString>
              </gmd:deliveryPoint>
              <gmd:city>
                <gco:CharacterString xmlns:gco="http://www.isotc211.org/2005/gco">Wageningen</gco:CharacterString>
              </gmd:city>
              <gmd:administrativeArea>
                <gco:CharacterString xmlns:gco="http://www.isotc211.org/2005/gco">Gelderland</gco:CharacterString>
              </gmd:administrativeArea>
              <gmd:postalCode>
                <gco:CharacterString xmlns:gco="http://www.isotc211.org/2005/gco">6708 PB</gco:CharacterString>
              </gmd:postalCode>
              <gmd:country>
                <gco:CharacterString xmlns:gco="http://www.isotc211.org/2005/gco">Nederland</gco:CharacterString>
              </gmd:country>
              <gmd:electronicMailAddress>
                <gco:CharacterString xmlns:gco="http://www.isotc211.org/2005/gco">geodesk@wur.nl</gco:CharacterString>
              </gmd:electronicMailAddress>
            </gmd:CI_Address>
          </gmd:address>
          <gmd:onlineResource>
            <gmd:CI_OnlineResource>
              <gmd:linkage>
                <gmd:URL>http://www.wur.nl/nl/Expertises-Dienstverlening/Onderzoeksinstituten/Environmental-Research.htm</gmd:URL>
              </gmd:linkage>
            </gmd:CI_OnlineResource>
          </gmd:onlineResource>
        </gmd:CI_Contact>
      </gmd:contactInfo>
      <gmd:role>
        <gmd:CI_RoleCode codeList="http://standards.iso.org/ittf/PubliclyAvailableStandards/ISO_19139_Schemas/resources/codelist/ML_gmxCodelists.xml#CI_RoleCode" codeListValue="author" />
      </gmd:role>
    </gmd:CI_ResponsibleParty>
  </gmd:contact>
  <gmd:dateStamp>
    <gco:Date xmlns:gco="http://www.isotc211.org/2005/gco">2019-12-19</gco:Date>
  </gmd:dateStamp>
  <gmd:metadataStandardName>
    <gco:CharacterString xmlns:gco="http://www.isotc211.org/2005/gco">ISO 19115</gco:CharacterString>
  </gmd:metadataStandardName>
  <gmd:metadataStandardVersion>
    <gco:CharacterString xmlns:gco="http://www.isotc211.org/2005/gco">Nederlandse metadata profiel op ISO 19115 voor geografie 1.2</gco:CharacterString>
  </gmd:metadataStandardVersion>
  <gmd:referenceSystemInfo>
    <gmd:MD_ReferenceSystem>
      <gmd:referenceSystemIdentifier>
        <gmd:RS_Identifier>
          <gmd:code>
            <gco:CharacterString xmlns:gco="http://www.isotc211.org/2005/gco">Rijksdriehoekstelsel_New (28992)</gco:CharacterString>
          </gmd:code>
          <gmd:codeSpace>
            <gco:CharacterString xmlns:gco="http://www.isotc211.org/2005/gco">EPSG</gco:CharacterString>
          </gmd:codeSpace>
        </gmd:RS_Identifier>
      </gmd:referenceSystemIdentifier>
    </gmd:MD_ReferenceSystem>
  </gmd:referenceSystemInfo>
  <gmd:identificationInfo>
    <gmd:MD_DataIdentification>
      <gmd:citation>
        <gmd:CI_Citation>
          <gmd:title>
            <gco:CharacterString xmlns:gco="http://www.isotc211.org/2005/gco">CORINE: Veranderingen in landgebruik in Nederland tussen 2000 en 2006</gco:CharacterString>
          </gmd:title>
          <gmd:alternateTitle>
            <gco:CharacterString xmlns:gco="http://www.isotc211.org/2005/gco">CHa06_nl</gco:CharacterString>
          </gmd:alternateTitle>
          <gmd:date>
            <gmd:CI_Date>
              <gmd:date>
                <gco:Date xmlns:gco="http://www.isotc211.org/2005/gco">2008-02-27</gco:Date>
              </gmd:date>
              <gmd:dateType>
                <gmd:CI_DateTypeCode codeList="http://standards.iso.org/ittf/PubliclyAvailableStandards/ISO_19139_Schemas/resources/codelist/ML_gmxCodelists.xml#CI_DateTypeCode" codeListValue="revision" />
              </gmd:dateType>
            </gmd:CI_Date>
          </gmd:date>
          <gmd:edition>
            <gco:CharacterString xmlns:gco="http://www.isotc211.org/2005/gco">2006</gco:CharacterString>
          </gmd:edition>
          <gmd:identifier>
            <gmd:MD_Identifier>
              <gmd:code>
                <gco:CharacterString xmlns:gco="http://www.isotc211.org/2005/gco">566eddec-6c71-47a1-9499-798ae74e9d59</gco:CharacterString>
              </gmd:code>
            </gmd:MD_Identifier>
          </gmd:identifier>
          <gmd:series>
            <gmd:CI_Series>
              <gmd:name>
                <gco:CharacterString xmlns:gco="http://www.isotc211.org/2005/gco">version 1</gco:CharacterString>
              </gmd:name>
            </gmd:CI_Series>
          </gmd:series>
        </gmd:CI_Citation>
      </gmd:citation>
      <gmd:abstract>
        <gco:CharacterString xmlns:gco="http://www.isotc211.org/2005/gco">CORINE Land Cover change (2000-2006) database of the Netherlands
An increasing need for factual and quantitative information on the state of the environment of DG Environment, DG Agriculture and other users initiated a proposal of the EEA to collaborate with the European Space Agency (ESA) and the European Commission (EC) on the implementation of a fast track service on land monitoring. The project focused on on timely, quality assured data, in particular in land cover and land use related issues for 2006-2008. The CLC2006 project is part of the GMES Fast Track Service Precursor (FTSP) Land Monitoring. In CLC2006 38 countries with total area of 5.8 Mkm2 are participating (32 EEA member states and 6 collaborating countries).
2. Thunnissen, H.A.M. and Middelaar, H.J. van, 1995. The CORINE Land Cover database of the Netherlands. Final report of the CORINE Land Cover project in the Netherlands. Report 78. Alterra, the Netherlands
3.EEA  and ETC-TE, 2002. CORINE Land Cover update I&amp;CLC2000 project. Technical Guidelines. Final Version. EEA, Denmark</gco:CharacterString>
      </gmd:abstract>
      <gmd:purpose>
        <gco:CharacterString xmlns:gco="http://www.isotc211.org/2005/gco">Het monitoren van landgebruiksveranderingen op Europese schaal volgens een standaard methode.</gco:CharacterString>
      </gmd:purpose>
      <gmd:status>
        <gmd:MD_ProgressCode codeList="http://standards.iso.org/ittf/PubliclyAvailableStandards/ISO_19139_Schemas/resources/codelist/ML_gmxCodelists.xml#MD_ProgressCode" codeListValue="completed" />
      </gmd:status>
      <gmd:pointOfContact>
        <gmd:CI_ResponsibleParty>
          <gmd:individualName>
            <gco:CharacterString xmlns:gco="http://www.isotc211.org/2005/gco">EEA</gco:CharacterString>
          </gmd:individualName>
          <gmd:organisationName>
            <gco:CharacterString xmlns:gco="http://www.isotc211.org/2005/gco">EEA- European Environment Agency</gco:CharacterString>
          </gmd:organisationName>
          <gmd:positionName>
            <gco:CharacterString xmlns:gco="http://www.isotc211.org/2005/gco">owner</gco:CharacterString>
          </gmd:positionName>
          <gmd:contactInfo>
            <gmd:CI_Contact>
              <gmd:phone>
                <gmd:CI_Telephone>
                  <gmd:voice xmlns:gco="http://www.isotc211.org/2005/gco" gco:nilReason="missing">
                    <gco:CharacterString />
                  </gmd:voice>
                  <gmd:facsimile xmlns:gco="http://www.isotc211.org/2005/gco" gco:nilReason="missing">
                    <gco:CharacterString />
                  </gmd:facsimile>
                </gmd:CI_Telephone>
              </gmd:phone>
              <gmd:address>
                <gmd:CI_Address>
                  <gmd:deliveryPoint>
                    <gco:CharacterString xmlns:gco="http://www.isotc211.org/2005/gco">Kongens Nytorv 6</gco:CharacterString>
                  </gmd:deliveryPoint>
                  <gmd:city>
                    <gco:CharacterString xmlns:gco="http://www.isotc211.org/2005/gco">Copenhagen</gco:CharacterString>
                  </gmd:city>
                  <gmd:administrativeArea xmlns:gco="http://www.isotc211.org/2005/gco" gco:nilReason="missing">
                    <gco:CharacterString />
                  </gmd:administrativeArea>
                  <gmd:postalCode xmlns:gco="http://www.isotc211.org/2005/gco" gco:nilReason="missing">
                    <gco:CharacterString />
                  </gmd:postalCode>
                  <gmd:country>
                    <gco:CharacterString xmlns:gco="http://www.isotc211.org/2005/gco">Denmark</gco:CharacterString>
                  </gmd:country>
                  <gmd:electronicMailAddress>
                    <gco:CharacterString xmlns:gco="http://www.isotc211.org/2005/gco">eea@eea.europa.eu</gco:CharacterString>
                  </gmd:electronicMailAddress>
                </gmd:CI_Address>
              </gmd:address>
              <gmd:onlineResource>
                <gmd:CI_OnlineResource>
                  <gmd:linkage>
                    <gmd:URL>http://reports.eea.europa.eu/</gmd:URL>
                  </gmd:linkage>
                </gmd:CI_OnlineResource>
              </gmd:onlineResource>
            </gmd:CI_Contact>
          </gmd:contactInfo>
          <gmd:role>
            <gmd:CI_RoleCode codeList="http://standards.iso.org/ittf/PubliclyAvailableStandards/ISO_19139_Schemas/resources/codelist/ML_gmxCodelists.xml#CI_RoleCode" codeListValue="owner" />
          </gmd:role>
        </gmd:CI_ResponsibleParty>
      </gmd:pointOfContact>
      <gmd:pointOfContact>
        <gmd:CI_ResponsibleParty>
          <gmd:individualName>
            <gco:CharacterString xmlns:gco="http://www.isotc211.org/2005/gco">Gerard Hazeu</gco:CharacterString>
          </gmd:individualName>
          <gmd:organisationName>
            <gco:CharacterString xmlns:gco="http://www.isotc211.org/2005/gco">Wageningen Environmental Research</gco:CharacterString>
          </gmd:organisationName>
          <gmd:positionName>
            <gco:CharacterString xmlns:gco="http://www.isotc211.org/2005/gco">Inhoudelijk deskundige</gco:CharacterString>
          </gmd:positionName>
          <gmd:contactInfo>
            <gmd:CI_Contact>
              <gmd:phone>
                <gmd:CI_Telephone>
                  <gmd:voice>
                    <gco:CharacterString xmlns:gco="http://www.isotc211.org/2005/gco">0317-481928</gco:CharacterString>
                  </gmd:voice>
                  <gmd:facsimile>
                    <gco:CharacterString xmlns:gco="http://www.isotc211.org/2005/gco">0317-479000</gco:CharacterString>
                  </gmd:facsimile>
                </gmd:CI_Telephone>
              </gmd:phone>
              <gmd:address>
                <gmd:CI_Address>
                  <gmd:deliveryPoint>
                    <gco:CharacterString xmlns:gco="http://www.isotc211.org/2005/gco">Droevendaalsesteeg 3</gco:CharacterString>
                  </gmd:deliveryPoint>
                  <gmd:city>
                    <gco:CharacterString xmlns:gco="http://www.isotc211.org/2005/gco">Wageningen</gco:CharacterString>
                  </gmd:city>
                  <gmd:administrativeArea>
                    <gco:CharacterString xmlns:gco="http://www.isotc211.org/2005/gco">Gelderland</gco:CharacterString>
                  </gmd:administrativeArea>
                  <gmd:postalCode>
                    <gco:CharacterString xmlns:gco="http://www.isotc211.org/2005/gco">6708 PB</gco:CharacterString>
                  </gmd:postalCode>
                  <gmd:country>
                    <gco:CharacterString xmlns:gco="http://www.isotc211.org/2005/gco">Nederland</gco:CharacterString>
                  </gmd:country>
                  <gmd:electronicMailAddress>
                    <gco:CharacterString xmlns:gco="http://www.isotc211.org/2005/gco">gerard.hazeu@wur.nl</gco:CharacterString>
                  </gmd:electronicMailAddress>
                </gmd:CI_Address>
              </gmd:address>
              <gmd:onlineResource>
                <gmd:CI_OnlineResource>
                  <gmd:linkage>
                    <gmd:URL>http://www.wur.nl/nl/Expertises-Dienstverlening/Onderzoeksinstituten/Environmental-Research.htm</gmd:URL>
                  </gmd:linkage>
                </gmd:CI_OnlineResource>
              </gmd:onlineResource>
            </gmd:CI_Contact>
          </gmd:contactInfo>
          <gmd:role>
            <gmd:CI_RoleCode codeList="http://standards.iso.org/ittf/PubliclyAvailableStandards/ISO_19139_Schemas/resources/codelist/ML_gmxCodelists.xml#CI_RoleCode" codeListValue="owner" />
          </gmd:role>
        </gmd:CI_ResponsibleParty>
      </gmd:pointOfContact>
      <gmd:resourceMaintenance>
        <gmd:MD_MaintenanceInformation>
          <gmd:maintenanceAndUpdateFrequency>
            <gmd:MD_MaintenanceFrequencyCode codeList="http://standards.iso.org/ittf/PubliclyAvailableStandards/ISO_19139_Schemas/resources/codelist/ML_gmxCodelists.xml#MD_MaintenanceFrequencyCode" codeListValue="6annually" />
          </gmd:maintenanceAndUpdateFrequency>
          <gmd:dateOfNextUpdate>
            <gco:Date xmlns:gco="http://www.isotc211.org/2005/gco" />
          </gmd:dateOfNextUpdate>
        </gmd:MD_MaintenanceInformation>
      </gmd:resourceMaintenance>
      <gmd:graphicOverview>
        <gmd:MD_BrowseGraphic>
          <gmd:fileName>
            <gco:CharacterString xmlns:gco="http://www.isotc211.org/2005/gco">https://www.nationaalgeoregister.nl:443/geonetwork/srv/api/records/7fdca464-e563-4a91-a46d-7d03ac15a9fc/attachments/clc_cha06_00.png</gco:CharacterString>
          </gmd:fileName>
          <gmd:fileDescription>
            <gco:CharacterString xmlns:gco="http://www.isotc211.org/2005/gco">clc_cha06_00.png</gco:CharacterString>
          </gmd:fileDescription>
        </gmd:MD_BrowseGraphic>
      </gmd:graphicOverview>
      <gmd:descriptiveKeywords>
        <gmd:MD_Keywords>
          <gmd:keyword>
            <gco:CharacterString xmlns:gco="http://www.isotc211.org/2005/gco">Landgebruik</gco:CharacterString>
          </gmd:keyword>
          <gmd:keyword>
            <gco:CharacterString xmlns:gco="http://www.isotc211.org/2005/gco">Orthobeeldvorming</gco:CharacterString>
          </gmd:keyword>
          <gmd:keyword>
            <gco:CharacterString xmlns:gco="http://www.isotc211.org/2005/gco">Satellietbeeld</gco:CharacterString>
          </gmd:keyword>
          <gmd:thesaurusName>
            <gmd:CI_Citation>
              <gmd:title>
                <gco:CharacterString xmlns:gco="http://www.isotc211.org/2005/gco">GEMET - Themes, version 2.4</gco:CharacterString>
              </gmd:title>
              <gmd:date>
                <gmd:CI_Date>
                  <gmd:date>
                    <gco:Date xmlns:gco="http://www.isotc211.org/2005/gco">2010-01-18</gco:Date>
                  </gmd:date>
                  <gmd:dateType>
                    <gmd:CI_DateTypeCode codeList="http://standards.iso.org/ittf/PubliclyAvailableStandards/ISO_19139_Schemas/resources/codelist/ML_gmxCodelists.xml#CI_DateTypeCode" codeListValue="revision" />
                  </gmd:dateType>
                </gmd:CI_Date>
              </gmd:date>
            </gmd:CI_Citation>
          </gmd:thesaurusName>
        </gmd:MD_Keywords>
      </gmd:descriptiveKeywords>
      <gmd:resourceConstraints>
        <gmd:MD_Constraints>
          <gmd:useLimitation>
            <gco:CharacterString xmlns:gco="http://www.isotc211.org/2005/gco">Bronvermelding</gco:CharacterString>
          </gmd:useLimitation>
        </gmd:MD_Constraints>
      </gmd:resourceConstraints>
      <gmd:resourceConstraints>
        <gmd:MD_Constraints>
          <gmd:useLimitation>
            <gco:CharacterString xmlns:gco="http://www.isotc211.org/2005/gco">a) not to use the data for commercial purposes; 
b) to acknowledge the source of the data in all publications and applications;
c) to help improve the quality of the data by noting and reporting any errors or omissions discovered;
d) to help improve the quality of the Data Service by giving feed back on functionalities and data packaging the data provided;
e) to help improve the co-ordinated use of data by informing EEA staff about applications which use data from the Data Service;
f) to help improve the efficiency of environmental reporting by supplying the EEA with documented digital copies of data and information derived from EEA data so that it can be re-used by the Agency with reference to the source;
g) to supply the EEA with a copy of /URL to all publications and other products based on the datasets;</gco:CharacterString>
          </gmd:useLimitation>
        </gmd:MD_Constraints>
      </gmd:resourceConstraints>
      <gmd:resourceConstraints>
        <gmd:MD_LegalConstraints>
          <gmd:useConstraints>
            <gmd:MD_RestrictionCode codeList="http://standards.iso.org/ittf/PubliclyAvailableStandards/ISO_19139_Schemas/resources/codelist/ML_gmxCodelists.xml#MD_RestrictionCode" codeListValue="copyright" />
          </gmd:useConstraints>
        </gmd:MD_LegalConstraints>
      </gmd:resourceConstraints>
      <gmd:resourceConstraints>
        <gmd:MD_LegalConstraints>
          <gmd:accessConstraints>
            <gmd:MD_RestrictionCode codeList="http://standards.iso.org/ittf/PubliclyAvailableStandards/ISO_19139_Schemas/resources/codelist/ML_gmxCodelists.xml#MD_RestrictionCode" codeListValue="intellectualPropertyRights" />
          </gmd:accessConstraints>
        </gmd:MD_LegalConstraints>
      </gmd:resourceConstraints>
      <gmd:resourceConstraints>
        <gmd:MD_LegalConstraints>
          <gmd:accessConstraints>
            <gmd:MD_RestrictionCode codeList="http://standards.iso.org/ittf/PubliclyAvailableStandards/ISO_19139_Schemas/resources/codelist/ML_gmxCodelists.xml#MD_RestrictionCode" codeListValue="otherRestrictions" />
          </gmd:accessConstraints>
          <gmd:otherConstraints>
            <gco:CharacterString xmlns:gco="http://www.isotc211.org/2005/gco">Copyrighthouder: Wageningen Environmental Research, EEA</gco:CharacterString>
          </gmd:otherConstraints>
        </gmd:MD_LegalConstraints>
      </gmd:resourceConstraints>
      <gmd:resourceConstraints>
        <gmd:MD_SecurityConstraints>
          <gmd:classification>
            <gmd:MD_ClassificationCode codeList="http://standards.iso.org/ittf/PubliclyAvailableStandards/ISO_19139_Schemas/resources/codelist/ML_gmxCodelists.xml#MD_ClassificationCode" codeListValue="" />
          </gmd:classification>
          <gmd:userNote xmlns:gco="http://www.isotc211.org/2005/gco" gco:nilReason="missing">
            <gco:CharacterString />
          </gmd:userNote>
        </gmd:MD_SecurityConstraints>
      </gmd:resourceConstraints>
      <gmd:aggregationInfo>
        <gmd:MD_AggregateInformation>
          <gmd:aggregateDataSetName>
            <gmd:CI_Citation>
              <gmd:title />
              <gmd:date />
            </gmd:CI_Citation>
          </gmd:aggregateDataSetName>
          <gmd:associationType />
        </gmd:MD_AggregateInformation>
      </gmd:aggregationInfo>
      <gmd:spatialRepresentationType>
        <gmd:MD_SpatialRepresentationTypeCode codeList="http://standards.iso.org/ittf/PubliclyAvailableStandards/ISO_19139_Schemas/resources/codelist/ML_gmxCodelists.xml#MD_SpatialRepresentationTypeCode" codeListValue="vector" />
      </gmd:spatialRepresentationType>
      <gmd:spatialResolution>
        <gmd:MD_Resolution>
          <gmd:equivalentScale>
            <gmd:MD_RepresentativeFraction>
              <gmd:denominator>
                <gco:Integer xmlns:gco="http://www.isotc211.org/2005/gco">100000</gco:Integer>
              </gmd:denominator>
            </gmd:MD_RepresentativeFraction>
          </gmd:equivalentScale>
        </gmd:MD_Resolution>
      </gmd:spatialResolution>
      <gmd:language>
        <gco:CharacterString xmlns:gco="http://www.isotc211.org/2005/gco">dut</gco:CharacterString>
      </gmd:language>
      <gmd:characterSet>
        <gmd:MD_CharacterSetCode codeList="http://standards.iso.org/ittf/PubliclyAvailableStandards/ISO_19139_Schemas/resources/codelist/ML_gmxCodelists.xml#MD_CharacterSetCode" codeListValue="utf8" />
      </gmd:characterSet>
      <gmd:topicCategory>
        <gmd:MD_TopicCategoryCode>imageryBaseMapsEarthCover</gmd:MD_TopicCategoryCode>
      </gmd:topicCategory>
      <gmd:extent>
        <gmd:EX_Extent>
          <gmd:description>
            <gco:CharacterString xmlns:gco="http://www.isotc211.org/2005/gco">Satelietopnames</gco:CharacterString>
          </gmd:description>
          <gmd:geographicElement>
            <gmd:EX_GeographicBoundingBox>
              <gmd:westBoundLongitude>
                <gco:Decimal xmlns:gco="http://www.isotc211.org/2005/gco">3.278</gco:Decimal>
              </gmd:westBoundLongitude>
              <gmd:eastBoundLongitude>
                <gco:Decimal xmlns:gco="http://www.isotc211.org/2005/gco">7.237</gco:Decimal>
              </gmd:eastBoundLongitude>
              <gmd:southBoundLatitude>
                <gco:Decimal xmlns:gco="http://www.isotc211.org/2005/gco">50.752</gco:Decimal>
              </gmd:southBoundLatitude>
              <gmd:northBoundLatitude>
                <gco:Decimal xmlns:gco="http://www.isotc211.org/2005/gco">53.504</gco:Decimal>
              </gmd:northBoundLatitude>
            </gmd:EX_GeographicBoundingBox>
          </gmd:geographicElement>
          <gmd:geographicElement>
            <gmd:EX_GeographicDescription>
              <gmd:geographicIdentifier>
                <gmd:MD_Identifier>
                  <gmd:code>
                    <gco:CharacterString xmlns:gco="http://www.isotc211.org/2005/gco">Nederland</gco:CharacterString>
                  </gmd:code>
                </gmd:MD_Identifier>
              </gmd:geographicIdentifier>
            </gmd:EX_GeographicDescription>
          </gmd:geographicElement>
          <gmd:temporalElement>
            <gmd:EX_TemporalExtent>
              <gmd:extent>
                <gml:TimePeriod xmlns:gml="http://www.opengis.net/gml" gml:id="tp1">
                  <gml:begin>
                    <gml:TimeInstant gml:id="ti1">
                      <gml:timePosition>1999-01-01</gml:timePosition>
                    </gml:TimeInstant>
                  </gml:begin>
                  <gml:end>
                    <gml:TimeInstant gml:id="ti2">
                      <gml:timePosition>2006-12-31</gml:timePosition>
                    </gml:TimeInstant>
                  </gml:end>
                </gml:TimePeriod>
              </gmd:extent>
            </gmd:EX_TemporalExtent>
          </gmd:temporalElement>
          <gmd:verticalElement>
            <gmd:EX_VerticalExtent>
              <gmd:minimumValue>
                <gco:Real xmlns:gco="http://www.isotc211.org/2005/gco">0</gco:Real>
              </gmd:minimumValue>
              <gmd:maximumValue>
                <gco:Real xmlns:gco="http://www.isotc211.org/2005/gco">0</gco:Real>
              </gmd:maximumValue>
              <gmd:verticalCRS>
                <gml:VerticalCRS xmlns:gml="http://www.opengis.net/gml" gml:id="d629e637a1049886">
                  <gml:identifier codeSpace="" />
                  <gml:scope />
                  <gml:verticalCS />
                  <gml:verticalDatum />
                </gml:VerticalCRS>
              </gmd:verticalCRS>
            </gmd:EX_VerticalExtent>
          </gmd:verticalElement>
        </gmd:EX_Extent>
      </gmd:extent>
      <gmd:supplementalInformation>
        <gco:CharacterString xmlns:gco="http://www.isotc211.org/2005/gco">Document_referentie|http://www.geodata.alterra.nl/portalen/datadocs/CLC2006_report_alterra_final.doc</gco:CharacterString>
      </gmd:supplementalInformation>
    </gmd:MD_DataIdentification>
  </gmd:identificationInfo>
  <gmd:distributionInfo>
    <gmd:MD_Distribution>
      <gmd:distributor>
        <gmd:MD_Distributor>
          <gmd:distributorContact>
            <gmd:CI_ResponsibleParty>
              <gmd:individualName>
                <gco:CharacterString xmlns:gco="http://www.isotc211.org/2005/gco">GeoDesk</gco:CharacterString>
              </gmd:individualName>
              <gmd:organisationName>
                <gco:CharacterString xmlns:gco="http://www.isotc211.org/2005/gco">Wageningen Environmental Research</gco:CharacterString>
              </gmd:organisationName>
              <gmd:positionName>
                <gco:CharacterString xmlns:gco="http://www.isotc211.org/2005/gco">Beheerder</gco:CharacterString>
              </gmd:positionName>
              <gmd:contactInfo>
                <gmd:CI_Contact>
                  <gmd:phone>
                    <gmd:CI_Telephone>
                      <gmd:voice>
                        <gco:CharacterString xmlns:gco="http://www.isotc211.org/2005/gco">0317-484111</gco:CharacterString>
                      </gmd:voice>
                      <gmd:facsimile>
                        <gco:CharacterString xmlns:gco="http://www.isotc211.org/2005/gco">0317-479000</gco:CharacterString>
                      </gmd:facsimile>
                    </gmd:CI_Telephone>
                  </gmd:phone>
                  <gmd:address>
                    <gmd:CI_Address>
                      <gmd:deliveryPoint>
                        <gco:CharacterString xmlns:gco="http://www.isotc211.org/2005/gco">Droevendaalsesteeg 3</gco:CharacterString>
                      </gmd:deliveryPoint>
                      <gmd:city>
                        <gco:CharacterString xmlns:gco="http://www.isotc211.org/2005/gco">Wageningen</gco:CharacterString>
                      </gmd:city>
                      <gmd:administrativeArea>
                        <gco:CharacterString xmlns:gco="http://www.isotc211.org/2005/gco">Gelderland</gco:CharacterString>
                      </gmd:administrativeArea>
                      <gmd:postalCode>
                        <gco:CharacterString xmlns:gco="http://www.isotc211.org/2005/gco">6708 PB</gco:CharacterString>
                      </gmd:postalCode>
                      <gmd:country>
                        <gco:CharacterString xmlns:gco="http://www.isotc211.org/2005/gco">Nederland</gco:CharacterString>
                      </gmd:country>
                      <gmd:electronicMailAddress>
                        <gco:CharacterString xmlns:gco="http://www.isotc211.org/2005/gco">geodesk@wur.nl</gco:CharacterString>
                      </gmd:electronicMailAddress>
                    </gmd:CI_Address>
                  </gmd:address>
                  <gmd:onlineResource>
                    <gmd:CI_OnlineResource>
                      <gmd:linkage>
                        <gmd:URL>http://www.wur.nl/nl/Expertises-Dienstverlening/Onderzoeksinstituten/Environmental-Research.htm</gmd:URL>
                      </gmd:linkage>
                    </gmd:CI_OnlineResource>
                  </gmd:onlineResource>
                </gmd:CI_Contact>
              </gmd:contactInfo>
              <gmd:role>
                <gmd:CI_RoleCode codeList="http://standards.iso.org/ittf/PubliclyAvailableStandards/ISO_19139_Schemas/resources/codelist/ML_gmxCodelists.xml#CI_RoleCode" codeListValue="distributor" />
              </gmd:role>
            </gmd:CI_ResponsibleParty>
          </gmd:distributorContact>
        </gmd:MD_Distributor>
      </gmd:distributor>
    </gmd:MD_Distribution>
  </gmd:distributionInfo>
  <gmd:dataQualityInfo>
    <gmd:DQ_DataQuality>
      <gmd:scope>
        <gmd:DQ_Scope>
          <gmd:level>
            <gmd:MD_ScopeCode codeList="http://standards.iso.org/ittf/PubliclyAvailableStandards/ISO_19139_Schemas/resources/codelist/ML_gmxCodelists.xml#MD_ScopeCode" codeListValue="dataset" />
          </gmd:level>
        </gmd:DQ_Scope>
      </gmd:scope>
      <gmd:report>
        <gmd:DQ_DomainConsistency>
          <gmd:result>
            <gmd:DQ_ConformanceResult>
              <gmd:specification>
                <gmd:CI_Citation>
                  <gmd:title />
                  <gmd:date />
                </gmd:CI_Citation>
              </gmd:specification>
              <gmd:explanation xmlns:gco="http://www.isotc211.org/2005/gco" gco:nilReason="missing">
                <gco:CharacterString />
              </gmd:explanation>
              <gmd:pass />
            </gmd:DQ_ConformanceResult>
          </gmd:result>
        </gmd:DQ_DomainConsistency>
      </gmd:report>
      <gmd:report>
        <gmd:DQ_AbsoluteExternalPositionalAccuracy>
          <gmd:result>
            <gmd:DQ_QuantitativeResult>
              <gmd:valueUnit />
              <gmd:value>
                <gco:Record xmlns:gco="http://www.isotc211.org/2005/gco">100 m</gco:Record>
              </gmd:value>
            </gmd:DQ_QuantitativeResult>
          </gmd:result>
        </gmd:DQ_AbsoluteExternalPositionalAccuracy>
      </gmd:report>
      <gmd:report>
        <gmd:DQ_CompletenessOmission>
          <gmd:result>
            <gmd:DQ_QuantitativeResult>
              <gmd:valueUnit>
                <gml:BaseUnit xmlns:gml="http://www.opengis.net/gml" gml:id="d629e843a1049886">
                  <gml:identifier codeSpace="" />
                  <gml:unitsSystem />
                </gml:BaseUnit>
              </gmd:valueUnit>
              <gmd:value />
            </gmd:DQ_QuantitativeResult>
          </gmd:result>
        </gmd:DQ_CompletenessOmission>
      </gmd:report>
      <gmd:report>
        <gmd:DQ_TopologicalConsistency>
          <gmd:result>
            <gmd:DQ_QuantitativeResult>
              <gmd:valueUnit>
                <gml:BaseUnit xmlns:gml="http://www.opengis.net/gml" gml:id="d629e852a1049886">
                  <gml:identifier codeSpace="" />
                  <gml:unitsSystem />
                </gml:BaseUnit>
              </gmd:valueUnit>
              <gmd:value />
            </gmd:DQ_QuantitativeResult>
          </gmd:result>
        </gmd:DQ_TopologicalConsistency>
      </gmd:report>
      <gmd:lineage>
        <gmd:LI_Lineage>
          <gmd:processStep>
            <gmd:LI_ProcessStep>
              <gmd:description>
                <gco:CharacterString xmlns:gco="http://www.isotc211.org/2005/gco">Step1: Visual comparison of IMAGE2000 and CLC2000 database displayed on IMAGE2006, direct delineation of changes and improvements. Software used: ArcGIS9.2, JTX
Step2: Internal verification (Technical &amp; thematic)
Step3: External verification by the CLC2000 Technical Team</gco:CharacterString>
              </gmd:description>
              <gmd:dateTime>
                <gco:DateTime xmlns:gco="http://www.isotc211.org/2005/gco">2007-09-17T00:00:00</gco:DateTime>
              </gmd:dateTime>
              <gmd:processor>
                <gmd:CI_ResponsibleParty>
                  <gmd:organisationName>
                    <gco:CharacterString xmlns:gco="http://www.isotc211.org/2005/gco">Wageningen Environmental Research (Alterra)</gco:CharacterString>
                  </gmd:organisationName>
                  <gmd:contactInfo xmlns:gco="http://www.isotc211.org/2005/gco">
                    <gmd:CI_Contact>
                      <gmd:address>
                        <gmd:CI_Address>
                          <gmd:electronicMailAddress gco:nilReason="missing">
                            <gco:CharacterString />
                          </gmd:electronicMailAddress>
                        </gmd:CI_Address>
                      </gmd:address>
                    </gmd:CI_Contact>
                  </gmd:contactInfo>
                  <gmd:role>
                    <gmd:CI_RoleCode codeList="http://standards.iso.org/ittf/PubliclyAvailableStandards/ISO_19139_Schemas/resources/codelist/ML_gmxCodelists.xml#CI_RoleCode" codeListValue="processor" />
                  </gmd:role>
                </gmd:CI_ResponsibleParty>
              </gmd:processor>
            </gmd:LI_ProcessStep>
          </gmd:processStep>
          <gmd:source>
            <gmd:LI_Source>
              <gmd:description>
                <gco:CharacterString xmlns:gco="http://www.isotc211.org/2005/gco">•IMAGE2000
•IMAGE2006 (first coverage)
•CLC2000 (delivered by the EEA)
•Topographic maps (digital Top10 vector database: version 2006 (Top10vector_2006))
•Aerial photographs of 2000 and 2006
•Databases of Central Office of Statistics for 2000 and 2003 (BBG2000 and BBG2003</gco:CharacterString>
              </gmd:description>
              <gmd:sourceStep>
                <gmd:LI_ProcessStep>
                  <gmd:description>
                    <gco:CharacterString xmlns:gco="http://www.isotc211.org/2005/gco">Remote sensing</gco:CharacterString>
                  </gmd:description>
                  <gmd:dateTime>
                    <gco:DateTime xmlns:gco="http://www.isotc211.org/2005/gco">2006-09-17T00:00:00</gco:DateTime>
                  </gmd:dateTime>
                  <gmd:processor>
                    <gmd:CI_ResponsibleParty>
                      <gmd:organisationName>
                        <gco:CharacterString xmlns:gco="http://www.isotc211.org/2005/gco">Wageningen Environmental Research (Alterra)</gco:CharacterString>
                      </gmd:organisationName>
                      <gmd:contactInfo xmlns:gco="http://www.isotc211.org/2005/gco">
                        <gmd:CI_Contact>
                          <gmd:address>
                            <gmd:CI_Address>
                              <gmd:electronicMailAddress gco:nilReason="missing">
                                <gco:CharacterString />
                              </gmd:electronicMailAddress>
                            </gmd:CI_Address>
                          </gmd:address>
                        </gmd:CI_Contact>
                      </gmd:contactInfo>
                      <gmd:role>
                        <gmd:CI_RoleCode codeList="http://standards.iso.org/ittf/PubliclyAvailableStandards/ISO_19139_Schemas/resources/codelist/ML_gmxCodelists.xml#CI_RoleCode" codeListValue="principalInvestigator" />
                      </gmd:role>
                    </gmd:CI_ResponsibleParty>
                  </gmd:processor>
                </gmd:LI_ProcessStep>
              </gmd:sourceStep>
            </gmd:LI_Source>
          </gmd:source>
        </gmd:LI_Lineage>
      </gmd:lineage>
    </gmd:DQ_DataQuality>
  </gmd:dataQualityInfo>
</gmd:MD_Metadata>