<?xml version="1.0" encoding="UTF-8"?>
<gmd:MD_Metadata xmlns:gmd="http://www.isotc211.org/2005/gmd" xmlns:xlink="http://www.w3.org/1999/xlink" xmlns:xsi="http://www.w3.org/2001/XMLSchema-instance" xmlns:gml="http://www.opengis.net/gml" xmlns:gco="http://www.isotc211.org/2005/gco" xmlns:geonet="http://www.fao.org/geonetwork" xsi:schemaLocation="http://www.isotc211.org/2005/gmd http://schemas.opengis.net/iso/19139/20060504/gmd/gmd.xsd">
  <gmd:fileIdentifier>
    <gco:CharacterString>28239f91-56ef-47b3-9af3-ae80e8e07352</gco:CharacterString>
  </gmd:fileIdentifier>
  <gmd:language>
    <gmd:LanguageCode codeList="http://www.loc.gov/standards/iso639-2/" codeListValue="dut">dut</gmd:LanguageCode>
  </gmd:language>
  <gmd:characterSet>
    <gmd:MD_CharacterSetCode codeList="./resources/codeList.xml#MD_CharacterSetCode" codeListValue="utf8" />
  </gmd:characterSet>
  <gmd:hierarchyLevel>
    <gmd:MD_ScopeCode codeList="./resources/codeList.xml#MD_ScopeCode" codeListValue="dataset" />
  </gmd:hierarchyLevel>
  <gmd:contact>
    <gmd:CI_ResponsibleParty>
      <gmd:organisationName>
        <gco:CharacterString>Provincie Noord-Brabant</gco:CharacterString>
      </gmd:organisationName>
      <gmd:contactInfo>
        <gmd:CI_Contact>
          <gmd:address>
            <gmd:CI_Address>
              <gmd:electronicMailAddress>
                <gco:CharacterString>geo@brabant.nl</gco:CharacterString>
              </gmd:electronicMailAddress>
            </gmd:CI_Address>
          </gmd:address>
          <gmd:onlineResource>
            <gmd:CI_OnlineResource>
              <gmd:linkage>
                <gmd:URL>https://www.brabant.nl</gmd:URL>
              </gmd:linkage>
            </gmd:CI_OnlineResource>
          </gmd:onlineResource>
        </gmd:CI_Contact>
      </gmd:contactInfo>
      <gmd:role>
        <gmd:CI_RoleCode codeList="./resources/codeList.xml#CI_RoleCode" codeListValue="pointOfContact" />
      </gmd:role>
    </gmd:CI_ResponsibleParty>
  </gmd:contact>
  <gmd:dateStamp>
    <gco:Date>2021-10-11</gco:Date>
  </gmd:dateStamp>
  <gmd:metadataStandardName>
    <gco:CharacterString>ISO 19115</gco:CharacterString>
  </gmd:metadataStandardName>
  <gmd:metadataStandardVersion>
    <gco:CharacterString>Nederlandse metadata profiel op ISO 19115 voor geografie 1.3</gco:CharacterString>
  </gmd:metadataStandardVersion>
  <gmd:referenceSystemInfo>
    <gmd:MD_ReferenceSystem>
      <gmd:referenceSystemIdentifier>
        <gmd:RS_Identifier>
          <gmd:code>
            <gco:CharacterString>28992</gco:CharacterString>
          </gmd:code>
          <gmd:codeSpace>
            <gco:CharacterString>EPSG</gco:CharacterString>
          </gmd:codeSpace>
        </gmd:RS_Identifier>
      </gmd:referenceSystemIdentifier>
    </gmd:MD_ReferenceSystem>
  </gmd:referenceSystemInfo>
  <gmd:referenceSystemInfo>
    <gmd:MD_ReferenceSystem>
      <gmd:referenceSystemIdentifier>
        <gmd:RS_Identifier>
          <gmd:code>
            <gco:CharacterString>5709</gco:CharacterString>
          </gmd:code>
          <gmd:codeSpace>
            <gco:CharacterString>EPSG</gco:CharacterString>
          </gmd:codeSpace>
        </gmd:RS_Identifier>
      </gmd:referenceSystemIdentifier>
    </gmd:MD_ReferenceSystem>
  </gmd:referenceSystemInfo>
  <gmd:identificationInfo>
    <gmd:MD_DataIdentification>
      <gmd:citation>
        <gmd:CI_Citation>
          <gmd:title>
            <gco:CharacterString>Interim Omgevingsverordening, Glastuinbouw en teeltgebied Zundert</gco:CharacterString>
          </gmd:title>
          <gmd:alternateTitle>
            <gco:CharacterString>OMGW.OVR_50_GBT_V</gco:CharacterString>
          </gmd:alternateTitle>
          <gmd:date>
            <gmd:CI_Date>
              <gmd:date>
                <gco:Date>2019-11-05</gco:Date>
              </gmd:date>
              <gmd:dateType>
                <gmd:CI_DateTypeCode codeList="./resources/codeList.xml#CI_DateTypeCode" codeListValue="publication" />
              </gmd:dateType>
            </gmd:CI_Date>
          </gmd:date>
          <gmd:edition>
            <gco:CharacterString>Interim Omgevingsverordening</gco:CharacterString>
          </gmd:edition>
          <gmd:identifier>
            <gmd:MD_Identifier>
              <gmd:code>
                <gco:CharacterString>826230bb-4240-4711-bcde-2abb0085dfca</gco:CharacterString>
              </gmd:code>
            </gmd:MD_Identifier>
          </gmd:identifier>
        </gmd:CI_Citation>
      </gmd:citation>
      <gmd:abstract>
        <gco:CharacterString>In de Interim omgevingsverordening zijn op de kaarten doorgroei- en vestigingsgebieden voor glastuinbouw aangeduid. Binnen de als zodanig vastgestelde gebieden is onder bepaalde voorwaarden een doorontwikkeling van bestaande glastuinbouwbedrijven en nieuwvestiging van glastuinbouwbedrijven toegestaan. Buiten deze gebieden zijn de ontwikkelingsmogelijkheden van bestaande glastuinbouwbedrijven beperkt. Daarnaast is ook een 'Teeltgebied Zunder' opgenomen. Hier gelden afwijkende regels voor kassen en permanente teeltondersteunende voorzieningen met het oog op de aanwezige boomteelt.</gco:CharacterString>
      </gmd:abstract>
      <gmd:purpose>
        <gco:CharacterString>Dit geo-bestand is gebruikt bij het samenstellen van de Interim Omgevingsverordening, maar is NIET het authentieke, gewaarmerkte planbestand. De authentieke, gewaarmerkte planbestanden van de Interim Omgevingsverordening zijn te vinden op www.ruimtelijkeplannen.nl</gco:CharacterString>
      </gmd:purpose>
      <gmd:status>
        <gmd:MD_ProgressCode codeList="./resources/codeList.xml#MD_ProgressCode" codeListValue="onGoing" />
      </gmd:status>
      <gmd:pointOfContact>
        <gmd:CI_ResponsibleParty>
          <gmd:organisationName>
            <gco:CharacterString>Provincie Noord-Brabant</gco:CharacterString>
          </gmd:organisationName>
          <gmd:contactInfo>
            <gmd:CI_Contact>
              <gmd:address>
                <gmd:CI_Address>
                  <gmd:electronicMailAddress>
                    <gco:CharacterString>geo@brabant.nl</gco:CharacterString>
                  </gmd:electronicMailAddress>
                </gmd:CI_Address>
              </gmd:address>
              <gmd:onlineResource>
                <gmd:CI_OnlineResource>
                  <gmd:linkage>
                    <gmd:URL>https://www.brabant.nl</gmd:URL>
                  </gmd:linkage>
                </gmd:CI_OnlineResource>
              </gmd:onlineResource>
            </gmd:CI_Contact>
          </gmd:contactInfo>
          <gmd:role>
            <gmd:CI_RoleCode codeList="./resources/codeList.xml#CI_RoleCode" codeListValue="owner" />
          </gmd:role>
        </gmd:CI_ResponsibleParty>
      </gmd:pointOfContact>
      <gmd:resourceMaintenance>
        <gmd:MD_MaintenanceInformation>
          <gmd:maintenanceAndUpdateFrequency>
            <gmd:MD_MaintenanceFrequencyCode codeList="./resources/codeList.xml#MD_MaintenanceFrequencyCode" codeListValue="asNeeded" />
          </gmd:maintenanceAndUpdateFrequency>
        </gmd:MD_MaintenanceInformation>
      </gmd:resourceMaintenance>
      <gmd:descriptiveKeywords>
        <gmd:MD_Keywords>
          <gmd:keyword>
            <gco:CharacterString>bloemen- en plantenteelt</gco:CharacterString>
          </gmd:keyword>
          <gmd:keyword>
            <gco:CharacterString>glastuinbouw</gco:CharacterString>
          </gmd:keyword>
          <gmd:thesaurusName>
            <gmd:CI_Citation>
              <gmd:title>
                <gco:CharacterString>Thesaurus provincie Noord-Brabant</gco:CharacterString>
              </gmd:title>
              <gmd:date>
                <gmd:CI_Date>
                  <gmd:date>
                    <gco:Date>2016-04-26</gco:Date>
                  </gmd:date>
                  <gmd:dateType>
                    <gmd:CI_DateTypeCode codeList="./resources/codeList.xml#CI_DateTypeCode" codeListValue="publication" />
                  </gmd:dateType>
                </gmd:CI_Date>
              </gmd:date>
            </gmd:CI_Citation>
          </gmd:thesaurusName>
        </gmd:MD_Keywords>
      </gmd:descriptiveKeywords>
      <gmd:resourceConstraints>
        <gmd:MD_Constraints>
          <gmd:useLimitation>
            <gco:CharacterString>Geen gebruiksbeperking, dit bestand kan onbeperkt uitgeleverd worden.</gco:CharacterString>
          </gmd:useLimitation>
        </gmd:MD_Constraints>
      </gmd:resourceConstraints>
      <gmd:resourceConstraints>
        <gmd:MD_Constraints>
          <gmd:useLimitation>
            <gco:CharacterString>De metadata van dit bestand mag extern gepubliceerd worden.</gco:CharacterString>
          </gmd:useLimitation>
        </gmd:MD_Constraints>
      </gmd:resourceConstraints>
      <gmd:resourceConstraints>
        <gmd:MD_LegalConstraints>
          <gmd:useConstraints>
            <gmd:MD_RestrictionCode codeList="./resources/codeList.xml#MD_RestrictionCode" codeListValue="intellectualPropertyRights" />
          </gmd:useConstraints>
        </gmd:MD_LegalConstraints>
      </gmd:resourceConstraints>
      <gmd:resourceConstraints>
        <gmd:MD_LegalConstraints>
          <gmd:accessConstraints>
            <gmd:MD_RestrictionCode codeList="./resources/codeList.xml#MD_RestrictionCode" codeListValue="intellectualPropertyRights" />
          </gmd:accessConstraints>
        </gmd:MD_LegalConstraints>
      </gmd:resourceConstraints>
      <gmd:resourceConstraints>
        <gmd:MD_SecurityConstraints>
          <gmd:classification>
            <gmd:MD_ClassificationCode codeList="./resources/codeList.xml#MD_ClassificationCode" codeListValue="unclassified" />
          </gmd:classification>
        </gmd:MD_SecurityConstraints>
      </gmd:resourceConstraints>
      <gmd:spatialRepresentationType>
        <gmd:MD_SpatialRepresentationTypeCode codeList="./resources/codeList.xml#MD_SpatialRepresentationTypeCode" codeListValue="vector" />
      </gmd:spatialRepresentationType>
      <gmd:spatialResolution>
        <gmd:MD_Resolution>
          <gmd:equivalentScale>
            <gmd:MD_RepresentativeFraction>
              <gmd:denominator>
                <gco:Integer>50000</gco:Integer>
              </gmd:denominator>
            </gmd:MD_RepresentativeFraction>
          </gmd:equivalentScale>
        </gmd:MD_Resolution>
      </gmd:spatialResolution>
      <gmd:language>
        <gmd:LanguageCode codeList="http://www.loc.gov/standards/iso639-2/" codeListValue="dut">dut</gmd:LanguageCode>
      </gmd:language>
      <gmd:characterSet>
        <gmd:MD_CharacterSetCode codeList="./resources/codeList.xml#MD_CharacterSetCode" codeListValue="utf8" />
      </gmd:characterSet>
      <gmd:topicCategory>
        <gmd:MD_TopicCategoryCode>farming</gmd:MD_TopicCategoryCode>
      </gmd:topicCategory>
      <gmd:topicCategory>
        <gmd:MD_TopicCategoryCode>planningCadastre</gmd:MD_TopicCategoryCode>
      </gmd:topicCategory>
      <gmd:extent>
        <gmd:EX_Extent>
          <gmd:geographicElement>
            <gmd:EX_GeographicBoundingBox>
              <gmd:westBoundLongitude>
                <gco:Decimal>4.276</gco:Decimal>
              </gmd:westBoundLongitude>
              <gmd:eastBoundLongitude>
                <gco:Decimal>5.915</gco:Decimal>
              </gmd:eastBoundLongitude>
              <gmd:southBoundLatitude>
                <gco:Decimal>51.348</gco:Decimal>
              </gmd:southBoundLatitude>
              <gmd:northBoundLatitude>
                <gco:Decimal>51.825</gco:Decimal>
              </gmd:northBoundLatitude>
            </gmd:EX_GeographicBoundingBox>
          </gmd:geographicElement>
          <gmd:geographicElement>
            <gmd:EX_GeographicDescription>
              <gmd:geographicIdentifier>
                <gmd:MD_Identifier>
                  <gmd:code>
                    <gco:CharacterString>Provincie Noord-Brabant</gco:CharacterString>
                  </gmd:code>
                </gmd:MD_Identifier>
              </gmd:geographicIdentifier>
            </gmd:EX_GeographicDescription>
          </gmd:geographicElement>
          <gmd:temporalElement>
            <gmd:EX_TemporalExtent>
              <gmd:extent>
                <gml:TimePeriod gml:id="tp1">
                  <gml:begin>
                    <gml:TimeInstant gml:id="ti1">
                      <gml:timePosition>2019-11-05</gml:timePosition>
                    </gml:TimeInstant>
                  </gml:begin>
                  <gml:end>
                    <gml:TimeInstant gml:id="ti2">
                      <gml:timePosition>2099-12-31</gml:timePosition>
                    </gml:TimeInstant>
                  </gml:end>
                </gml:TimePeriod>
              </gmd:extent>
            </gmd:EX_TemporalExtent>
          </gmd:temporalElement>
        </gmd:EX_Extent>
      </gmd:extent>
      <gmd:supplementalInformation>
        <gco:CharacterString>Teksten en verbeelding zijn beschikbaar op het provinciale webadres|www.brabant.nl/interimomgevingsverordening</gco:CharacterString>
      </gmd:supplementalInformation>
    </gmd:MD_DataIdentification>
  </gmd:identificationInfo>
  <gmd:distributionInfo>
    <gmd:MD_Distribution>
      <gmd:distributor>
        <gmd:MD_Distributor>
          <gmd:distributorContact>
            <gmd:CI_ResponsibleParty>
              <gmd:organisationName>
                <gco:CharacterString>Provincie Noord-Brabant</gco:CharacterString>
              </gmd:organisationName>
              <gmd:contactInfo>
                <gmd:CI_Contact>
                  <gmd:address>
                    <gmd:CI_Address>
                      <gmd:electronicMailAddress>
                        <gco:CharacterString>geo@brabant.nl</gco:CharacterString>
                      </gmd:electronicMailAddress>
                    </gmd:CI_Address>
                  </gmd:address>
                  <gmd:onlineResource>
                    <gmd:CI_OnlineResource>
                      <gmd:linkage>
                        <gmd:URL>https://www.brabant.nl</gmd:URL>
                      </gmd:linkage>
                    </gmd:CI_OnlineResource>
                  </gmd:onlineResource>
                </gmd:CI_Contact>
              </gmd:contactInfo>
              <gmd:role>
                <gmd:CI_RoleCode codeList="./resources/codeList.xml#CI_RoleCode" codeListValue="distributor" />
              </gmd:role>
            </gmd:CI_ResponsibleParty>
          </gmd:distributorContact>
        </gmd:MD_Distributor>
      </gmd:distributor>
      <gmd:transferOptions>
        <gmd:MD_DigitalTransferOptions>
          <gmd:onLine>
            <gmd:CI_OnlineResource>
              <gmd:linkage>
                <gmd:URL>https://atlas.brabant.nl/data_download/geojson/826230bb-4240-4711-bcde-2abb0085dfca.zip</gmd:URL>
              </gmd:linkage>
              <gmd:protocol>
                <gco:CharacterString>download</gco:CharacterString>
              </gmd:protocol>
              <gmd:name>
                <gco:CharacterString>geojson bestand</gco:CharacterString>
              </gmd:name>
            </gmd:CI_OnlineResource>
          </gmd:onLine>
          <gmd:onLine>
            <gmd:CI_OnlineResource>
              <gmd:linkage>
                <gmd:URL>https://atlas.brabant.nl/data_download/geopackage/826230bb-4240-4711-bcde-2abb0085dfca.zip</gmd:URL>
              </gmd:linkage>
              <gmd:protocol>
                <gco:CharacterString>download</gco:CharacterString>
              </gmd:protocol>
              <gmd:name>
                <gco:CharacterString>geopackage bestand</gco:CharacterString>
              </gmd:name>
            </gmd:CI_OnlineResource>
          </gmd:onLine>
          <gmd:onLine>
            <gmd:CI_OnlineResource>
              <gmd:linkage>
                <gmd:URL>https://atlas.brabant.nl/data_download/shapes/826230bb-4240-4711-bcde-2abb0085dfca.zip</gmd:URL>
              </gmd:linkage>
              <gmd:protocol>
                <gco:CharacterString>download</gco:CharacterString>
              </gmd:protocol>
              <gmd:name>
                <gco:CharacterString>shapes bestand</gco:CharacterString>
              </gmd:name>
            </gmd:CI_OnlineResource>
          </gmd:onLine>
          <gmd:onLine>
            <gmd:CI_OnlineResource>
              <gmd:linkage>
                <gmd:URL>https://atlas.brabant.nl/data_download/gml/826230bb-4240-4711-bcde-2abb0085dfca.zip</gmd:URL>
              </gmd:linkage>
              <gmd:protocol>
                <gco:CharacterString>download</gco:CharacterString>
              </gmd:protocol>
              <gmd:name>
                <gco:CharacterString>gml bestand</gco:CharacterString>
              </gmd:name>
            </gmd:CI_OnlineResource>
          </gmd:onLine>
          <gmd:offLine>
            <gmd:MD_Medium>
              <gmd:name>
                <gmd:MD_MediumNameCode codeList="./resources/codeList.xml#MD_MediumNameCode" codeListValue="" />
              </gmd:name>
            </gmd:MD_Medium>
          </gmd:offLine>
        </gmd:MD_DigitalTransferOptions>
      </gmd:transferOptions>
    </gmd:MD_Distribution>
  </gmd:distributionInfo>
  <gmd:dataQualityInfo>
    <gmd:DQ_DataQuality>
      <gmd:scope>
        <gmd:DQ_Scope>
          <gmd:level>
            <gmd:MD_ScopeCode codeList="./resources/codeList.xml#MD_ScopeCode" codeListValue="dataset">dataset</gmd:MD_ScopeCode>
          </gmd:level>
        </gmd:DQ_Scope>
      </gmd:scope>
      <gmd:lineage>
        <gmd:LI_Lineage>
          <gmd:statement>
            <gco:CharacterString>Dit bestand is afkomstig uit de Verordening ruimte Noord-Brabant RUIM.PVR_50_GBT_V.
      ontstaan uit een combinatie van de glastuinbouw en glasboomteelt uit de Reconstructieplannen 2005 en Correctieve herziening reconstructieplannen 2008 - Glasboomteelt en glasboomteelt (RUIM.BEL_RP_2008_50_GBT_V) en de Gebiedsplan 2005 (RUIM.BEL_GP_2005_50_GBT_V), en de glastuinbouwgebieden uit de Paraplunota 2008 (RUIM.BEL_ISV_2008_100_AGH_V). Het gaat om de glastuinbouwgebieden die in de Paraplunota 2008 staan (kaart zonering buitengebied) met de begrenzing uit de Reconstructieplannen (Reconstructieplannen 2005 enCorrectieve herziening 2008) en Gebiedsplannen 2005.</gco:CharacterString>
          </gmd:statement>
        </gmd:LI_Lineage>
      </gmd:lineage>
    </gmd:DQ_DataQuality>
  </gmd:dataQualityInfo>
</gmd:MD_Metadata>