<?xml version="1.0" encoding="UTF-8"?>
<gmd:MD_Metadata xmlns:gmd="http://www.isotc211.org/2005/gmd" xmlns:xsi="http://www.w3.org/2001/XMLSchema-instance" xmlns:gco="http://www.isotc211.org/2005/gco" xmlns:srv="http://www.isotc211.org/2005/srv" xmlns:gmx="http://www.isotc211.org/2005/gmx" xmlns:gts="http://www.isotc211.org/2005/gts" xmlns:gsr="http://www.isotc211.org/2005/gsr" xmlns:gmi="http://www.isotc211.org/2005/gmi" xmlns:gml="http://www.opengis.net/gml" xmlns:xlink="http://www.w3.org/1999/xlink" xmlns:geonet="http://www.fao.org/geonetwork" xsi:schemaLocation="http://www.isotc211.org/2005/gmd http://schemas.opengis.net/iso/19139/20060504/gmd/gmd.xsd">
  <gmd:fileIdentifier>
    <gco:CharacterString>67873270-b761-4431-8730-7a7b4d57db82</gco:CharacterString>
  </gmd:fileIdentifier>
  <gmd:language>
    <gmd:LanguageCode codeList="http://www.loc.gov/standards/iso639-2/" codeListValue="dut" />
  </gmd:language>
  <gmd:characterSet>
    <gmd:MD_CharacterSetCode codeListValue="" codeList="http://standards.iso.org/iso/19139/resources/gmxCodelists.xml#MD_CharacterSetCode" />
  </gmd:characterSet>
  <gmd:parentIdentifier gco:nilReason="missing">
    <gco:CharacterString />
  </gmd:parentIdentifier>
  <gmd:hierarchyLevel>
    <gmd:MD_ScopeCode codeList="http://standards.iso.org/iso/19139/resources/gmxCodelists.xml#MD_ScopeCode" codeListValue="dataset" />
  </gmd:hierarchyLevel>
  <gmd:hierarchyLevelName gco:nilReason="missing">
    <gco:CharacterString />
  </gmd:hierarchyLevelName>
  <gmd:contact>
    <gmd:CI_ResponsibleParty>
      <gmd:individualName gco:nilReason="missing">
        <gco:CharacterString />
      </gmd:individualName>
      <gmd:organisationName>
        <gco:CharacterString>Atlas Natuurlijk Kapitaal</gco:CharacterString>
      </gmd:organisationName>
      <gmd:positionName gco:nilReason="missing">
        <gco:CharacterString />
      </gmd:positionName>
      <gmd:contactInfo>
        <gmd:CI_Contact>
          <gmd:phone>
            <gmd:CI_Telephone>
              <gmd:voice gco:nilReason="missing">
                <gco:CharacterString />
              </gmd:voice>
              <gmd:facsimile gco:nilReason="missing">
                <gco:CharacterString />
              </gmd:facsimile>
            </gmd:CI_Telephone>
          </gmd:phone>
          <gmd:address>
            <gmd:CI_Address>
              <gmd:deliveryPoint gco:nilReason="missing">
                <gco:CharacterString />
              </gmd:deliveryPoint>
              <gmd:city gco:nilReason="missing">
                <gco:CharacterString />
              </gmd:city>
              <gmd:administrativeArea gco:nilReason="missing">
                <gco:CharacterString />
              </gmd:administrativeArea>
              <gmd:postalCode gco:nilReason="missing">
                <gco:CharacterString />
              </gmd:postalCode>
              <gmd:country gco:nilReason="missing">
                <gco:CharacterString />
              </gmd:country>
              <gmd:electronicMailAddress>
                <gco:CharacterString>atlasnatuurlijkkapitaal@rivm.nl</gco:CharacterString>
              </gmd:electronicMailAddress>
            </gmd:CI_Address>
          </gmd:address>
          <gmd:onlineResource>
            <gmd:CI_OnlineResource>
              <gmd:linkage>
                <gmd:URL />
              </gmd:linkage>
            </gmd:CI_OnlineResource>
          </gmd:onlineResource>
        </gmd:CI_Contact>
      </gmd:contactInfo>
      <gmd:role>
        <gmd:CI_RoleCode codeListValue="resourceProvider" codeList="http://standards.iso.org/iso/19139/resources/gmxCodelists.xml#CI_RoleCode" />
      </gmd:role>
    </gmd:CI_ResponsibleParty>
  </gmd:contact>
  <gmd:dateStamp>
    <gco:Date>2022-05-25</gco:Date>
  </gmd:dateStamp>
  <gmd:metadataStandardName>
    <gco:CharacterString>ISO 19115</gco:CharacterString>
  </gmd:metadataStandardName>
  <gmd:metadataStandardVersion>
    <gco:CharacterString>Nederlands metadata profiel op ISO 19115 voor geografie 1.3</gco:CharacterString>
  </gmd:metadataStandardVersion>
  <gmd:referenceSystemInfo>
    <gmd:MD_ReferenceSystem>
      <gmd:referenceSystemIdentifier>
        <gmd:RS_Identifier>
          <gmd:code>
            <gco:CharacterString>28992</gco:CharacterString>
          </gmd:code>
          <gmd:codeSpace>
            <gco:CharacterString>EPSG</gco:CharacterString>
          </gmd:codeSpace>
        </gmd:RS_Identifier>
      </gmd:referenceSystemIdentifier>
    </gmd:MD_ReferenceSystem>
  </gmd:referenceSystemInfo>
  <gmd:identificationInfo>
    <gmd:MD_DataIdentification>
      <gmd:citation>
        <gmd:CI_Citation>
          <gmd:title>
            <gco:CharacterString>Potentiële Natuurlijke Plaagregulatie</gco:CharacterString>
          </gmd:title>
          <gmd:alternateTitle gco:nilReason="missing">
            <gco:CharacterString />
          </gmd:alternateTitle>
          <gmd:date>
            <gmd:CI_Date>
              <gmd:date>
                <gco:Date>2014-11-17</gco:Date>
              </gmd:date>
              <gmd:dateType>
                <gmd:CI_DateTypeCode codeListValue="publication" codeList="http://standards.iso.org/iso/19139/resources/gmxCodelists.xml#CI_DateTypeCode" />
              </gmd:dateType>
            </gmd:CI_Date>
          </gmd:date>
          <gmd:identifier>
            <gmd:MD_Identifier>
              <gmd:code>
                <gco:CharacterString>ed905631-4fca-4ccd-bcfd-fbb8328e7114</gco:CharacterString>
              </gmd:code>
            </gmd:MD_Identifier>
          </gmd:identifier>
        </gmd:CI_Citation>
      </gmd:citation>
      <gmd:abstract>
        <gco:CharacterString>Wat ziet u:
De kaart toont de ligging van gebieden met potentiele natuurlijke plaagbestrijding in landbouwgewassen met natuurlijke vijanden. De gebieden zijn weergegeven als zones rondom kleine landschapselementen, kleine natuurgebieden en stedelijke groenelementen. Natuurlijke vijanden (o.a. oorwormen, spinnen en mijten) gebruiken deze elementen en gebieden als leefgebied. In de directe omgeving van die elementen en gebieden zoeken ze naar voedsel en eten daarbij voor landbouwgewassen schadelijke insecten (o.a. luizen, emelten en rupsen).  Deze zones zijn aan de hand van de landschappelijke ligging in drie klassen ingedeeld: agrarisch, natuur en stedelijk. Zo geeft de kaart inzicht in de bijdrage van de verschillende soorten elementen aan de natuurlijke plaagbestrijding.

Doel:
De kaart is opgesteld in kader van de ontwikkeling van een landelijke indicator voor natuurlijke plaagbestrijding. De indicator is bedoeld om te kwantificeren in hoeverre de ecosysteemdienst natuurlijke plaagbestrijding door natuurlijke vijanden voorziet in de huidige vraag naar bestuiving in Nederland. Bij herhaling van de methode voor een later tijdstip wordt het mogelijk om hierin een landelijke trend te bepalen. Met de kaart kan het potentiele aanbod van natuurlijke plaagbestrijding in Nederland en op regioschaal worden bepaald. Tevens kan de bijdrage van het aandeel dat landschapselementen in natuur, agrarisch en stedelijk gebied bijdragen aan het potentiele aanbod van natuurlijke plaagbestrijding worden bepaald.  De kaart kan niet toegepast worden op preceels- of elementniveau. Daarvoor is aanvullende informatie en nadere analyse van de omstandigheden nodig.

Belangrijk voor:
De kaart is in eerste instantie bedoeld voor ondersteuning van het natuurbeleid.</gco:CharacterString>
      </gmd:abstract>
      <gmd:purpose gco:nilReason="missing">
        <gco:CharacterString />
      </gmd:purpose>
      <gmd:status>
        <gmd:MD_ProgressCode codeListValue="completed" codeList="http://standards.iso.org/iso/19139/resources/gmxCodelists.xml#MD_ProgressCode" />
      </gmd:status>
      <gmd:pointOfContact>
        <gmd:CI_ResponsibleParty>
          <gmd:individualName gco:nilReason="missing">
            <gco:CharacterString />
          </gmd:individualName>
          <gmd:organisationName>
            <gco:CharacterString>RIVM</gco:CharacterString>
          </gmd:organisationName>
          <gmd:positionName gco:nilReason="missing">
            <gco:CharacterString />
          </gmd:positionName>
          <gmd:contactInfo>
            <gmd:CI_Contact>
              <gmd:phone>
                <gmd:CI_Telephone>
                  <gmd:voice gco:nilReason="missing">
                    <gco:CharacterString />
                  </gmd:voice>
                  <gmd:facsimile gco:nilReason="missing">
                    <gco:CharacterString />
                  </gmd:facsimile>
                </gmd:CI_Telephone>
              </gmd:phone>
              <gmd:address>
                <gmd:CI_Address>
                  <gmd:deliveryPoint gco:nilReason="missing">
                    <gco:CharacterString />
                  </gmd:deliveryPoint>
                  <gmd:city gco:nilReason="missing">
                    <gco:CharacterString />
                  </gmd:city>
                  <gmd:administrativeArea gco:nilReason="missing">
                    <gco:CharacterString />
                  </gmd:administrativeArea>
                  <gmd:postalCode gco:nilReason="missing">
                    <gco:CharacterString />
                  </gmd:postalCode>
                  <gmd:country gco:nilReason="missing">
                    <gco:CharacterString />
                  </gmd:country>
                  <gmd:electronicMailAddress>
                    <gco:CharacterString>atlasnatuurlijkkapitaal@rivm.nl</gco:CharacterString>
                  </gmd:electronicMailAddress>
                </gmd:CI_Address>
              </gmd:address>
              <gmd:onlineResource>
                <gmd:CI_OnlineResource>
                  <gmd:linkage>
                    <gmd:URL />
                  </gmd:linkage>
                </gmd:CI_OnlineResource>
              </gmd:onlineResource>
            </gmd:CI_Contact>
          </gmd:contactInfo>
          <gmd:role>
            <gmd:CI_RoleCode codeListValue="owner" codeList="http://standards.iso.org/iso/19139/resources/gmxCodelists.xml#CI_RoleCode" />
          </gmd:role>
        </gmd:CI_ResponsibleParty>
      </gmd:pointOfContact>
      <gmd:descriptiveKeywords>
        <gmd:MD_Keywords>
          <gmd:keyword>
            <gco:CharacterString>Natuurlijk Kapitaal</gco:CharacterString>
          </gmd:keyword>
        </gmd:MD_Keywords>
      </gmd:descriptiveKeywords>
      <gmd:resourceConstraints>
        <gmd:MD_Constraints>
          <gmd:useLimitation>
            <gco:CharacterString>De kaart (dataset) kan gebruikt worden op landelijk of regionaal niveau om inzicht te verkrijgen in (de omavang van) het potentiele aanbod van bestuiving door wilde bestuivers in Nederland. De dataset is niet geschikt voor gebruik op lokaal schaalniveau of voor gebruik op perceels- of elementniveau. Voor toepassing op lokale schaal of perceelsniveau is aanvullende informatie en nadere analyse van de lokale omstandigheden nodig.</gco:CharacterString>
          </gmd:useLimitation>
        </gmd:MD_Constraints>
      </gmd:resourceConstraints>
      <gmd:resourceConstraints>
        <gmd:MD_LegalConstraints>
          <gmd:accessConstraints>
            <gmd:MD_RestrictionCode codeList="http://standards.iso.org/iso/19139/resources/gmxCodelists.xml#MD_RestrictionCode" codeListValue="otherRestrictions" />
          </gmd:accessConstraints>
          <gmd:useConstraints>
            <gmd:MD_RestrictionCode codeListValue="" codeList="http://standards.iso.org/iso/19139/resources/gmxCodelists.xml#MD_RestrictionCode" />
          </gmd:useConstraints>
          <gmd:otherConstraints>
            <gco:CharacterString>http://creativecommons.org/publicdomain/mark/1.0/deed.nl</gco:CharacterString>
          </gmd:otherConstraints>
          <gmd:otherConstraints>
            <gco:CharacterString>Geen beperkingen</gco:CharacterString>
          </gmd:otherConstraints>
        </gmd:MD_LegalConstraints>
      </gmd:resourceConstraints>
      <gmd:resourceConstraints>
        <gmd:MD_SecurityConstraints>
          <gmd:classification>
            <gmd:MD_ClassificationCode codeList="http://standards.iso.org/iso/19139/resources/gmxCodelists.xml#MD_ClassificationCode" codeListValue="" />
          </gmd:classification>
          <gmd:userNote gco:nilReason="missing">
            <gco:CharacterString />
          </gmd:userNote>
        </gmd:MD_SecurityConstraints>
      </gmd:resourceConstraints>
      <gmd:spatialResolution>
        <gmd:MD_Resolution>
          <gmd:distance>
            <gco:Distance uom="meters">5</gco:Distance>
          </gmd:distance>
        </gmd:MD_Resolution>
      </gmd:spatialResolution>
      <gmd:language>
        <gmd:LanguageCode codeList="http://www.loc.gov/standards/iso639-2/" codeListValue="dut" />
      </gmd:language>
      <gmd:characterSet>
        <gmd:MD_CharacterSetCode codeListValue="utf8" codeList="http://standards.iso.org/iso/19139/resources/gmxCodelists.xml#MD_CharacterSetCode" />
      </gmd:characterSet>
      <gmd:topicCategory>
        <gmd:MD_TopicCategoryCode>environment</gmd:MD_TopicCategoryCode>
      </gmd:topicCategory>
      <gmd:extent>
        <gmd:EX_Extent>
          <gmd:description gco:nilReason="missing">
            <gco:CharacterString />
          </gmd:description>
          <gmd:geographicElement>
            <gmd:EX_GeographicBoundingBox>
              <gmd:westBoundLongitude>
                <gco:Decimal>3.37087</gco:Decimal>
              </gmd:westBoundLongitude>
              <gmd:eastBoundLongitude>
                <gco:Decimal>7.21097</gco:Decimal>
              </gmd:eastBoundLongitude>
              <gmd:southBoundLatitude>
                <gco:Decimal>50.7539</gco:Decimal>
              </gmd:southBoundLatitude>
              <gmd:northBoundLatitude>
                <gco:Decimal>53.4658</gco:Decimal>
              </gmd:northBoundLatitude>
            </gmd:EX_GeographicBoundingBox>
          </gmd:geographicElement>
          <gmd:geographicElement>
            <gmd:EX_GeographicDescription>
              <gmd:geographicIdentifier>
                <gmd:MD_Identifier>
                  <gmd:code>
                    <gco:CharacterString>Nederland</gco:CharacterString>
                  </gmd:code>
                </gmd:MD_Identifier>
              </gmd:geographicIdentifier>
            </gmd:EX_GeographicDescription>
          </gmd:geographicElement>
          <gmd:temporalElement>
            <gmd:EX_TemporalExtent>
              <gmd:extent>
                <gml:TimePeriod gml:id="N10259">
                  <gml:begin>
                    <gml:TimeInstant gml:id="N1025E">
                      <gml:timePosition>2008-01-01</gml:timePosition>
                    </gml:TimeInstant>
                  </gml:begin>
                  <gml:end>
                    <gml:TimeInstant gml:id="N10267">
                      <gml:timePosition>2010-12-31</gml:timePosition>
                    </gml:TimeInstant>
                  </gml:end>
                </gml:TimePeriod>
              </gmd:extent>
            </gmd:EX_TemporalExtent>
          </gmd:temporalElement>
        </gmd:EX_Extent>
      </gmd:extent>
    </gmd:MD_DataIdentification>
  </gmd:identificationInfo>
  <gmd:distributionInfo>
    <gmd:MD_Distribution>
      <gmd:transferOptions>
        <gmd:MD_DigitalTransferOptions>
          <gmd:unitsOfDistribution gco:nilReason="missing">
            <gco:CharacterString />
          </gmd:unitsOfDistribution>
          <gmd:transferSize gco:nilReason="missing" />
          <gmd:onLine>
            <gmd:CI_OnlineResource>
              <gmd:linkage>
                <gmd:URL>http://data.rivm.nl/geo/ank/wms?</gmd:URL>
              </gmd:linkage>
              <gmd:protocol>
                <gco:CharacterString>OGC:WMS</gco:CharacterString>
              </gmd:protocol>
              <gmd:name>
                <gco:CharacterString>altr_a16_gv_natplaagregu</gco:CharacterString>
              </gmd:name>
            </gmd:CI_OnlineResource>
          </gmd:onLine>
          <gmd:offLine>
            <gmd:MD_Medium>
              <gmd:name>
                <gmd:MD_MediumNameCode codeList="http://standards.iso.org/iso/19139/resources/gmxCodelists.xml#MD_MediumNameCode" codeListValue="" />
              </gmd:name>
            </gmd:MD_Medium>
          </gmd:offLine>
        </gmd:MD_DigitalTransferOptions>
      </gmd:transferOptions>
    </gmd:MD_Distribution>
  </gmd:distributionInfo>
  <gmd:dataQualityInfo>
    <gmd:DQ_DataQuality>
      <gmd:scope>
        <gmd:DQ_Scope>
          <gmd:level>
            <gmd:MD_ScopeCode codeListValue="dataset" codeList="http://standards.iso.org/iso/19139/resources/gmxCodelists.xml#MD_ScopeCode" />
          </gmd:level>
          <gmd:levelDescription>
            <gmd:MD_ScopeDescription>
              <gmd:features />
            </gmd:MD_ScopeDescription>
          </gmd:levelDescription>
        </gmd:DQ_Scope>
      </gmd:scope>
      <gmd:lineage>
        <gmd:LI_Lineage>
          <gmd:statement>
            <gco:CharacterString>BNE - Basiskaart Natuur Elementen (= voor bepaling potentieel aanbod). Klassen: Griend,Populierenopstand,Boomgaard,Heide, agr Bomenrij of heggen, agrarische sloten,Extensief beheerde graslanden,weidevogel graslanden,weidevogel akkers,reservaat akkers, Agrarisch water, stedelijk water, natuur/bos water,Bermgras,gras moeras,water moeras,waterkant agrarisch gras, natuur of bos sloten, stedelijke sloten, nat Bomenrij of heggen, sted Bomenrij of heggen,Loofbos op zand,Naaldbos op zand,Kwelders,
Duinen met een lage vegetatie (&lt;1m),Duinen met een hoge vegetatie (&gt;1m),Duinheide,Heide op zand,Matig vergraste heide,Sterk vergraste heide,Loofbos  &lt; 1 ha,Naaldbos  &lt; 1 ha,Gemengd bos &lt; 1 ha,Griend &lt; 1 ha,Populierenopstand &lt; 1 ha,Loofbos op zand &lt; 1 ha,Naaldbos op zand &lt; 1 ha,Greppel-Ged. verharde weg,Greppel-Onverharde weg,Greppel-Bouwland,Greppel-Weiland,Greppel-Heide,Greppel-Extensief, beheerde graslanden,Greppel-weidevogel graslanden,Greppel-weidevogel akkers,Greppel-reservaat akkers,Greppel- agrarisch bebouwd (erven),Greppel- agrarisch productie gras,Greppel- Stedelijk bebouwd

Het BNE bestand is een combinatie van verschillende bestanden. Het bestand is verraster naar 2.5 * 2.5 meter. Gecombineerd zijn: 
- Top10NL 2010 (vector)
- BBG (Bestand Bodemgebruik 2008)
- LGN6 (raster 25m resolutie)
- Basiskaart Natuur 2009 (raster 25m resolutie)
- AHN2 boom labels (puntgegevens)
- AHN1 vegetatie hoogte (puntgegevens)</gco:CharacterString>
          </gmd:statement>
        </gmd:LI_Lineage>
      </gmd:lineage>
    </gmd:DQ_DataQuality>
  </gmd:dataQualityInfo>
</gmd:MD_Metadata>